Filename,Buggy/Deleted,Fixed/Added
ConfigurateScanner.java,int c = reader.peek();,if (reader != null ) int c = reader.peek();
ConfigurateScanner.java,SimpleKey key = iterator.next();,if (iterator != null ) SimpleKey key = iterator.next();
ConfigurateScanner.java,Mark mark = reader.getMark();,if (reader != null ) Mark mark = reader.getMark();
ConfigurateScanner.java,this.indent = this.indents.pop();,if (this != null ) this.indent = this.indents.pop();
ConfigurateScanner.java,Mark mark = reader.getMark();,if (reader != null ) Mark mark = reader.getMark();
ConfigurateScanner.java,Mark mark = reader.getMark();,if (reader != null ) Mark mark = reader.getMark();
ConfigurateScanner.java,Mark startMark = reader.getMark();,if (reader != null ) Mark startMark = reader.getMark();
ConfigurateScanner.java,Mark endMark = reader.getMark();,if (reader != null ) Mark endMark = reader.getMark();
ConfigurateScanner.java,Mark startMark = reader.getMark();,if (reader != null ) Mark startMark = reader.getMark();
ConfigurateScanner.java,Mark endMark = reader.getMark();,if (reader != null ) Mark endMark = reader.getMark();
ConfigurateScanner.java,Mark startMark = reader.getMark();,if (reader != null ) Mark startMark = reader.getMark();
ConfigurateScanner.java,Mark endMark = reader.getMark();,if (reader != null ) Mark endMark = reader.getMark();
ConfigurateScanner.java,Mark startMark = reader.getMark();,if (reader != null ) Mark startMark = reader.getMark();
ConfigurateScanner.java,Mark endMark = reader.getMark();,if (reader != null ) Mark endMark = reader.getMark();
ConfigurateScanner.java,Mark mark = reader.getMark();,if (reader != null ) Mark mark = reader.getMark();
ConfigurateScanner.java,Mark startMark = reader.getMark();,if (reader != null ) Mark startMark = reader.getMark();
ConfigurateScanner.java,Mark endMark = reader.getMark();,if (reader != null ) Mark endMark = reader.getMark();
ConfigurateScanner.java,Mark mark = reader.getMark();,if (reader != null ) Mark mark = reader.getMark();
ConfigurateScanner.java,Mark startMark = reader.getMark();,if (reader != null ) Mark startMark = reader.getMark();
ConfigurateScanner.java,Mark endMark = reader.getMark();,if (reader != null ) Mark endMark = reader.getMark();
ConfigurateScanner.java,Mark mark = reader.getMark();,if (reader != null ) Mark mark = reader.getMark();
ConfigurateScanner.java,Mark startMark = reader.getMark();,if (reader != null ) Mark startMark = reader.getMark();
ConfigurateScanner.java,Mark endMark = reader.getMark();,if (reader != null ) Mark endMark = reader.getMark();
ConfigurateScanner.java,int c = reader.peek();,if (reader != null ) int c = reader.peek();
ConfigurateScanner.java,Mark startMark = reader.getMark();,if (reader != null ) Mark startMark = reader.getMark();
ConfigurateScanner.java,endMark = reader.getMark();,if (reader != null ) endMark = reader.getMark();
ConfigurateScanner.java,endMark = reader.getMark();,if (reader != null ) endMark = reader.getMark();
ConfigurateScanner.java,endMark = reader.getMark();,if (reader != null ) endMark = reader.getMark();
ConfigurateScanner.java,c = reader.peek();,if (reader != null ) c = reader.peek();
ConfigurateScanner.java,int c = reader.peek();,if (reader != null ) int c = reader.peek();
ConfigurateScanner.java,c = reader.peek();,if (reader != null ) c = reader.peek();
ConfigurateScanner.java,int c = reader.peek();,if (reader != null ) int c = reader.peek();
ConfigurateScanner.java,int c = reader.peek();,if (reader != null ) int c = reader.peek();
ConfigurateScanner.java,int c = reader.peek();,if (reader != null ) int c = reader.peek();
ConfigurateScanner.java,int c = reader.peek();,if (reader != null ) int c = reader.peek();
ConfigurateScanner.java,Mark startMark = reader.getMark();,if (reader != null ) Mark startMark = reader.getMark();
ConfigurateScanner.java,int indicator = reader.peek();,if (reader != null ) int indicator = reader.peek();
ConfigurateScanner.java,c = reader.peek();,if (reader != null ) c = reader.peek();
ConfigurateScanner.java,Mark endMark = reader.getMark();,if (reader != null ) Mark endMark = reader.getMark();
ConfigurateScanner.java,Mark startMark = reader.getMark();,if (reader != null ) Mark startMark = reader.getMark();
ConfigurateScanner.java,c = reader.peek();,if (reader != null ) c = reader.peek();
ConfigurateScanner.java,c = reader.peek();,if (reader != null ) c = reader.peek();
ConfigurateScanner.java,Mark endMark = reader.getMark();,if (reader != null ) Mark endMark = reader.getMark();
ConfigurateScanner.java,Mark startMark = reader.getMark();,if (reader != null ) Mark startMark = reader.getMark();
ConfigurateScanner.java,int increment = chompi.getIncrement();,if (chompi != null ) int increment = chompi.getIncrement();
ConfigurateScanner.java,int c = reader.peek();,if (reader != null ) int c = reader.peek();
ConfigurateScanner.java,c = reader.peek();,if (reader != null ) c = reader.peek();
ConfigurateScanner.java,c = reader.peek();,if (reader != null ) c = reader.peek();
ConfigurateScanner.java,c = reader.peek();,if (reader != null ) c = reader.peek();
ConfigurateScanner.java,int c = reader.peek();,if (reader != null ) int c = reader.peek();
ConfigurateScanner.java,Mark endMark = reader.getMark();,if (reader != null ) Mark endMark = reader.getMark();
ConfigurateScanner.java,endMark = reader.getMark();,if (reader != null ) endMark = reader.getMark();
ConfigurateScanner.java,maxIndent = reader.getColumn();,if (reader != null ) maxIndent = reader.getColumn();
ConfigurateScanner.java,Mark endMark = reader.getMark();,if (reader != null ) Mark endMark = reader.getMark();
ConfigurateScanner.java,int col = this.reader.getColumn();,if (this != null ) int col = this.reader.getColumn();
ConfigurateScanner.java,endMark = reader.getMark();,if (reader != null ) endMark = reader.getMark();
ConfigurateScanner.java,col = this.reader.getColumn();,if (this != null ) col = this.reader.getColumn();
ConfigurateScanner.java,Mark startMark = reader.getMark();,if (reader != null ) Mark startMark = reader.getMark();
ConfigurateScanner.java,int quote = reader.peek();,if (reader != null ) int quote = reader.peek();
ConfigurateScanner.java,Mark endMark = reader.getMark();,if (reader != null ) Mark endMark = reader.getMark();
ConfigurateScanner.java,int c = reader.peek();,if (reader != null ) int c = reader.peek();
ConfigurateScanner.java,c = reader.peek();,if (reader != null ) c = reader.peek();
ConfigurateScanner.java,int c = reader.peek();,if (reader != null ) int c = reader.peek();
ConfigurateScanner.java,Mark startMark = reader.getMark();,if (reader != null ) Mark startMark = reader.getMark();
ConfigurateScanner.java,endMark = reader.getMark();,if (reader != null ) endMark = reader.getMark();
ConfigurateScanner.java,int c = reader.peek();,if (reader != null ) int c = reader.peek();
ConfigurateScanner.java,Mark beginningMark = reader.getMark();,if (reader != null ) Mark beginningMark = reader.getMark();
ConfigurateScanner.java,int c = reader.peek();,if (reader != null ) int c = reader.peek();
AbstractConfigurationNode.java,final A node = createNode(entry.getKey());,if (createNode(entry != null ) final A node = createNode(entry.getKey());
ListConfigValue.java,values = this.values.get();,if (this != null ) values = this.values.get();
ListConfigValue.java,values = this.values.get();,if (this != null ) values = this.values.get();
Constraint.java,final Pattern test = Pattern.compile(data.value());,if (Pattern != null ) final Pattern test = Pattern.compile(data.value());
Constraint.java,final Pattern test = Pattern.compile(data.value());,if (Pattern != null ) final Pattern test = Pattern.compile(data.value());
ConfigValue.java,final T node = it.next();,if (it != null ) final T node = it.next();
Constraint.java,final MessageFormat format = new MessageFormat(data.failureMessage());,if (MessageFormat(data != null ) final MessageFormat format = new MessageFormat(data.failureMessage());
ValueReferences.java,final Throwable t = err.getValue();,if (err != null ) final Throwable t = err.getValue();
SingleConfigurationTransformation.java,final NodePathImpl nodePath = this.sharedPath.get();,if (this != null ) final NodePathImpl nodePath = this.sharedPath.get();
ObjectMapperTest.java,final BasicConfigurationNode source = BasicConfigurationNode.root();,if (BasicConfigurationNode != null ) final BasicConfigurationNode source = BasicConfigurationNode.root();
GsonConfigurationLoader.java,final JsonToken token = parser.peek();,if (parser != null ) final JsonToken token = parser.peek();
HoconConfigurationLoader.java,hoconConfig = hoconConfig.resolve();,if (hoconConfig != null ) hoconConfig = hoconConfig.resolve();
JacksonConfigurationLoader.java,final JsonToken token = parser.getCurrentToken();,if (parser != null ) final JsonToken token = parser.getCurrentToken();
JacksonConfigurationLoader.java,final double doubleVal = parser.getDoubleValue();,if (parser != null ) final double doubleVal = parser.getDoubleValue();
JacksonConfigurationLoader.java,final long longVal = parser.getLongValue();,if (parser != null ) final long longVal = parser.getLongValue();
AbstractConfigurationNode.java,newValue = newValueAsNode.get();,if (newValueAsNode != null ) newValue = newValueAsNode.get();
Types.java,final Type head = this.types.removeFirst();,if (this != null ) final Type head = this.types.removeFirst();
AbstractConfigurationNode.java,this.options = copyOf.getOptions();,if (copyOf != null ) this.options = copyOf.getOptions();
AbstractConfigurationNode.java,newValue = newValueAsNode.getValue();,if (newValueAsNode != null ) newValue = newValueAsNode.getValue();
AbstractConfigurationLoader.java,this.source = builder.getSource();,if (builder != null ) this.source = builder.getSource();
AbstractConfigurationLoader.java,this.sink = builder.getSink();,if (builder != null ) this.sink = builder.getSink();
AbstractConfigurationLoader.java,this.headerMode = builder.getHeaderMode();,if (builder != null ) this.headerMode = builder.getHeaderMode();
AbstractConfigurationLoader.java,this.defaultOptions = builder.getDefaultOptions();,if (builder != null ) this.defaultOptions = builder.getDefaultOptions();
MapSerializer.java,final BasicConfigurationNode keyNode = BasicConfigurationNode.root(node.getOptions());,if (BasicConfigurationNode != null ) final BasicConfigurationNode keyNode = BasicConfigurationNode.root(node.getOptions());
MapSerializer.java,final BasicConfigurationNode keyNode = BasicConfigurationNode.root(node.getOptions());,if (BasicConfigurationNode != null ) final BasicConfigurationNode keyNode = BasicConfigurationNode.root(node.getOptions());
ConfigurateOps.java,final ConfigurationOptions opts = node.getOptions();,if (node != null ) final ConfigurationOptions opts = node.getOptions();
GsonConfigurationLoader.java,this.lenient = builder.isLenient();,if (builder != null ) this.lenient = builder.isLenient();
GsonConfigurationLoader.java,"this.indent = Strings.repeat("" "", builder.getIndent());","if (builder != null ) this.indent = Strings.repeat("" "", builder.getIndent());"
JacksonConfigurationLoader.java,this.factory = builder.getFactoryBuilder().build();,if (builder != null ) this.factory = builder.getFactoryBuilder().build();
JacksonConfigurationLoader.java,this.indent = builder.getIndent();,if (builder != null ) this.indent = builder.getIndent();
JacksonConfigurationLoader.java,this.fieldValueSeparatorStyle = builder.getFieldValueSeparatorStyle();,if (builder != null ) this.fieldValueSeparatorStyle = builder.getFieldValueSeparatorStyle();
XmlConfigurationLoader.java,this.schema = builder.getSchema();,if (builder != null ) this.schema = builder.getSchema();
XmlConfigurationLoader.java,this.defaultTagName = builder.getDefaultTagName();,if (builder != null ) this.defaultTagName = builder.getDefaultTagName();
XmlConfigurationLoader.java,this.indent = builder.getIndent();,if (builder != null ) this.indent = builder.getIndent();
XmlConfigurationLoader.java,this.writeExplicitType = builder.shouldWriteExplicitType();,if (builder != null ) this.writeExplicitType = builder.shouldWriteExplicitType();
XmlConfigurationLoader.java,this.includeXmlDeclaration = builder.shouldIncludeXmlDeclaration();,if (builder != null ) this.includeXmlDeclaration = builder.shouldIncludeXmlDeclaration();
XmlConfigurationLoader.java,child = to.getNode(entry.getKey());,if (to != null ) child = to.getNode(entry.getKey());
XmlConfigurationLoader.java,tag = attributedNode.getTagName();,if (attributedNode != null ) tag = attributedNode.getTagName();
XmlConfigurationLoader.java,attributes = attributedNode.getAttributes();,if (attributedNode != null ) attributes = attributedNode.getAttributes();
DefaultObjectMapperFactory.java,final AnnotatedType canonical = type.getCanonicalType();,if (type != null ) final AnnotatedType canonical = type.getCanonicalType();
ObjectMapper.java,final N node = source.getNode(ent.getKey());,if (source != null ) final N node = source.getNode(ent.getKey());
ObjectMapper.java,final N node = target.getNode(ent.getKey());,if (target != null ) final N node = target.getNode(ent.getKey());
ObjectMapper.java,this.clazz = erase(type.getType());,if (erase(type != null ) this.clazz = erase(type.getType());
ObjectMapper.java,constructor = this.clazz.getDeclaredConstructor();,if (this != null ) constructor = this.clazz.getDeclaredConstructor();
ObjectMapper.java,collectClass = collectClass.getSuperclass();,if (collectClass != null ) collectClass = collectClass.getSuperclass();
ObjectMapper.java,String path = setting.value();,if (setting != null ) String path = setting.value();
ObjectMapper.java,path = field.getName();,if (field != null ) path = field.getName();
HoconConfigurationLoader.java,this.render = build.getRenderOptions();,if (build != null ) this.render = build.getRenderOptions();
HoconConfigurationLoader.java,this.parse = build.getParseOptions();,if (build != null ) this.parse = build.getParseOptions();
JacksonVisitor.java,final Object value = node.getValue();,if (node != null ) final Object value = node.getValue();
ObjectMapper.java,this.clazz = type.getRawType();,if (type != null ) this.clazz = type.getRawType();
ScalarSerializer.java,this.type = type.wrap();,if (type != null ) this.type = type.wrap();
ScalarSerializer.java,type = type.wrap(); // every primitive type should be boxed (cuz generics!),if (generics!) != null ) type = type.wrap(); // every primitive type should be boxed (cuz generics!)
TypeSerializerCollection.java,type = type.wrap();,if (type != null ) type = type.wrap();
AbstractConfigurationNode.java,final V transformed = transformer.apply(o.getValue());,if (transformer != null ) final V transformed = transformer.apply(o.getValue());
AbstractConfigurationNode.java,final V transformed = transformer.apply(value.getValue());,if (transformer != null ) final V transformed = transformer.apply(value.getValue());
XmlConfigurationLoader.java,String line = it.next();,if (it != null ) String line = it.next();
XmlConfigurationLoader.java,final String trimmedLine = line.trim();,if (line != null ) final String trimmedLine = line.trim();
XmlConfigurationLoader.java,child = to.appendListNode();,if (to != null ) child = to.appendListNode();
MappedProcessor.java,this.processor = Processor.createTransactional(parent.getExecutor());,if (Processor != null ) this.processor = Processor.createTransactional(parent.getExecutor());
GsonConfigurationLoaderTest.java,final BasicConfigurationNode start = loader.createEmptyNode();,if (loader != null ) final BasicConfigurationNode start = loader.createEmptyNode();
GsonConfigurationLoaderTest.java,final ConfigurationNode start = loader.createEmptyNode();,if (loader != null ) final ConfigurationNode start = loader.createEmptyNode();
HoconConfigurationLoaderTest.java,final CommentedConfigurationNode node = loader.createEmptyNode(ConfigurationOptions.defaults());,if (loader != null ) final CommentedConfigurationNode node = loader.createEmptyNode(ConfigurationOptions.defaults());
HoconConfigurationLoaderTest.java,final CommentedConfigurationNode destination = loader.createEmptyNode();,if (loader != null ) final CommentedConfigurationNode destination = loader.createEmptyNode();
HoconConfigurationLoaderTest.java,final CommentedConfigurationNode source = loader.createEmptyNode();,if (loader != null ) final CommentedConfigurationNode source = loader.createEmptyNode();
JacksonConfigurationLoaderTest.java,final ConfigurationNode start = loader.createEmptyNode();,if (loader != null ) final ConfigurationNode start = loader.createEmptyNode();
AbstractConfigurationNode.java,Object ret = value.getValue();,if (value != null ) Object ret = value.getValue();
AbstractConfigurationNode.java,Object ret = value.getValue();,if (value != null ) Object ret = value.getValue();
AbstractConfigurationNode.java,V transformed = transformer.apply(o.getValue());,if (transformer != null ) V transformed = transformer.apply(o.getValue());
AbstractConfigurationNode.java,V transformed = transformer.apply(value.getValue());,if (transformer != null ) V transformed = transformer.apply(value.getValue());
AbstractConfigurationNode.java,A currentChild = newValue.getChild(ent.getKey());,if (newValue != null ) A currentChild = newValue.getChild(ent.getKey());
AbstractConfigurationNode.java,A newChild = this.createNode(ent.getKey());,if (this != null ) A newChild = this.createNode(ent.getKey());
AbstractConfigurationNode.java,value = NullConfigValue.instance();,if (NullConfigValue != null ) value = NullConfigValue.instance();
ConfigValue.java,T node = it.next();,if (it != null ) T node = it.next();
ListConfigValue.java,List<T> values = this.values.get();,if (this != null ) List<T> values = this.values.get();
MapConfigValue.java,A child = holder.createNode(ent.getKey());,if (holder != null ) A child = holder.createNode(ent.getKey());
AbstractConfigurationLoader.java,String header = node.getOptions().getHeader();,if (node != null ) String header = node.getOptions().getHeader();
ObjectMapper.java,Node node = source.getNode(ent.getKey());,if (source != null ) Node node = source.getNode(ent.getKey());
ObjectMapper.java,N node = target.getNode(ent.getKey());,if (target != null ) N node = target.getNode(ent.getKey());
ProcessorImpl.java,RegistrationImpl<V> reg = it.next();,if (it != null ) RegistrationImpl<V> reg = it.next();
Subscriber.java,Thread t = Thread.currentThread();,if (Thread != null ) Thread t = Thread.currentThread();
TransactionalProcessorImpl.java,TransactionalRegistration<V> reg = it.next();,if (it != null ) TransactionalRegistration<V> reg = it.next();
ManualConfigurationReference.java,updateListener.submit(node = loader.load());,if (loader != null ) updateListener.submit(node = loader.load());
WatchServiceListener.java,key = watchService.take();,if (watchService != null ) key = watchService.take();
WatchServiceListener.java,Path watched = (Path) key.watchable();,if (key != null ) Path watched = (Path) key.watchable();
WatchServiceListener.java,Path fileName = file.getFileName();,if (file != null ) Path fileName = file.getFileName();
WatchServiceListener.java,fileSystem = FileSystems.getDefault();,if (FileSystems != null ) fileSystem = FileSystems.getDefault();
WatchServiceListener.java,taskExecutor = ForkJoinPool.commonPool();,if (ForkJoinPool != null ) taskExecutor = ForkJoinPool.commonPool();
AbstractListChildSerializer.java,List<N> values = node.getChildrenList();,if (node != null ) List<N> values = node.getChildrenList();
MapSerializer.java,BasicConfigurationNode keyNode = BasicConfigurationNode.root(node.getOptions());,if (BasicConfigurationNode != null ) BasicConfigurationNode keyNode = BasicConfigurationNode.root(node.getOptions());
ScalarSerializer.java,List<N> children = node.getChildrenList();,if (node != null ) List<N> children = node.getChildrenList();
SuperTypePredicate.java,MethodHandles.Lookup lookup = MethodHandles.lookup();,if (MethodHandles != null ) MethodHandles.Lookup lookup = MethodHandles.lookup();
SingleConfigurationTransformation.java,List<N> children = node.getChildrenList();,if (node != null ) List<N> children = node.getChildrenList();
SingleConfigurationTransformation.java,NodePathImpl nodePath = sharedPath.get();,if (sharedPath != null ) NodePathImpl nodePath = sharedPath.get();
AbstractConfigurationNodeTest.java,ConfigurationNode config = BasicConfigurationNode.root();,if (BasicConfigurationNode != null ) ConfigurationNode config = BasicConfigurationNode.root();
AbstractConfigurationNodeTest.java,ConfigurationNode config = BasicConfigurationNode.root();,if (BasicConfigurationNode != null ) ConfigurationNode config = BasicConfigurationNode.root();
AbstractConfigurationNodeTest.java,ConfigurationNode config = BasicConfigurationNode.root();,if (BasicConfigurationNode != null ) ConfigurationNode config = BasicConfigurationNode.root();
AbstractConfigurationNodeTest.java,ConfigurationNode root = BasicConfigurationNode.root();,if (BasicConfigurationNode != null ) ConfigurationNode root = BasicConfigurationNode.root();
AbstractConfigurationNodeTest.java,ConfigurationNode root = BasicConfigurationNode.root();,if (BasicConfigurationNode != null ) ConfigurationNode root = BasicConfigurationNode.root();
AbstractConfigurationNodeTest.java,ConfigurationNode root = BasicConfigurationNode.root();,if (BasicConfigurationNode != null ) ConfigurationNode root = BasicConfigurationNode.root();
AbstractConfigurationNodeTest.java,ConfigurationNode root = BasicConfigurationNode.root();,if (BasicConfigurationNode != null ) ConfigurationNode root = BasicConfigurationNode.root();
AbstractConfigurationNodeTest.java,ConfigurationNode root = BasicConfigurationNode.root();,if (BasicConfigurationNode != null ) ConfigurationNode root = BasicConfigurationNode.root();
AbstractConfigurationNodeTest.java,ConfigurationNode root = BasicConfigurationNode.root();,if (BasicConfigurationNode != null ) ConfigurationNode root = BasicConfigurationNode.root();
AbstractConfigurationNodeTest.java,ConfigurationNode root = BasicConfigurationNode.root();,if (BasicConfigurationNode != null ) ConfigurationNode root = BasicConfigurationNode.root();
AbstractConfigurationNodeTest.java,ConfigurationNode config = BasicConfigurationNode.root();,if (BasicConfigurationNode != null ) ConfigurationNode config = BasicConfigurationNode.root();
AbstractConfigurationNodeTest.java,ConfigurationNode secondChild = node.appendListNode();,if (node != null ) ConfigurationNode secondChild = node.appendListNode();
AbstractConfigurationNodeTest.java,ConfigurationNode root = BasicConfigurationNode.root();,if (BasicConfigurationNode != null ) ConfigurationNode root = BasicConfigurationNode.root();
AbstractConfigurationNodeTest.java,ConfigurationNode root = BasicConfigurationNode.root();,if (BasicConfigurationNode != null ) ConfigurationNode root = BasicConfigurationNode.root();
AbstractConfigurationNodeTest.java,ConfigurationNode first = BasicConfigurationNode.root();,if (BasicConfigurationNode != null ) ConfigurationNode first = BasicConfigurationNode.root();
AbstractConfigurationNodeTest.java,ConfigurationNode second = BasicConfigurationNode.root();,if (BasicConfigurationNode != null ) ConfigurationNode second = BasicConfigurationNode.root();
AbstractConfigurationNodeTest.java,ConfigurationNode subject = BasicConfigurationNode.root();,if (BasicConfigurationNode != null ) ConfigurationNode subject = BasicConfigurationNode.root();
AbstractConfigurationNodeTest.java,UUID testId = UUID.randomUUID();,if (UUID != null ) UUID testId = UUID.randomUUID();
CopyTest.java,ConfigurationNode node = BasicConfigurationNode.root();,if (BasicConfigurationNode != null ) ConfigurationNode node = BasicConfigurationNode.root();
CopyTest.java,ConfigurationNode copy = node.copy();,if (node != null ) ConfigurationNode copy = node.copy();
CopyTest.java,ConfigurationNode node = BasicConfigurationNode.root();,if (BasicConfigurationNode != null ) ConfigurationNode node = BasicConfigurationNode.root();
CopyTest.java,ConfigurationNode copy = original.copy();,if (original != null ) ConfigurationNode copy = original.copy();
SimpleCommentedConfigurationNodeTest.java,CommentedConfigurationNode subject = CommentedConfigurationNode.root();,if (CommentedConfigurationNode != null ) CommentedConfigurationNode subject = CommentedConfigurationNode.root();
SimpleCommentedConfigurationNodeTest.java,CommentedConfigurationNode subject = CommentedConfigurationNode.root();,if (CommentedConfigurationNode != null ) CommentedConfigurationNode subject = CommentedConfigurationNode.root();
SimpleCommentedConfigurationNodeTest.java,CommentedConfigurationNode source = CommentedConfigurationNode.root();,if (CommentedConfigurationNode != null ) CommentedConfigurationNode source = CommentedConfigurationNode.root();
SimpleCommentedConfigurationNodeTest.java,CommentedConfigurationNode target = CommentedConfigurationNode.root();,if (CommentedConfigurationNode != null ) CommentedConfigurationNode target = CommentedConfigurationNode.root();
ObjectMapperTest.java,CommentedConfigurationNode node = CommentedConfigurationNode.root();,if (CommentedConfigurationNode != null ) CommentedConfigurationNode node = CommentedConfigurationNode.root();
ObjectMapperTest.java,BasicConfigurationNode node = BasicConfigurationNode.root();,if (BasicConfigurationNode != null ) BasicConfigurationNode node = BasicConfigurationNode.root();
ObjectMapperTest.java,CommentedConfigurationNode node = CommentedConfigurationNode.root();,if (CommentedConfigurationNode != null ) CommentedConfigurationNode node = CommentedConfigurationNode.root();
TypeSerializersTest.java,BasicConfigurationNode node = BasicConfigurationNode.root();,if (BasicConfigurationNode != null ) BasicConfigurationNode node = BasicConfigurationNode.root();
TypeSerializersTest.java,BasicConfigurationNode node = BasicConfigurationNode.root();,if (BasicConfigurationNode != null ) BasicConfigurationNode node = BasicConfigurationNode.root();
TypeSerializersTest.java,BasicConfigurationNode serializeTo = BasicConfigurationNode.root();,if (BasicConfigurationNode != null ) BasicConfigurationNode serializeTo = BasicConfigurationNode.root();
TypeSerializersTest.java,BasicConfigurationNode serializeTo = BasicConfigurationNode.root();,if (BasicConfigurationNode != null ) BasicConfigurationNode serializeTo = BasicConfigurationNode.root();
TypeSerializersTest.java,BasicConfigurationNode serializeTo = BasicConfigurationNode.root();,if (BasicConfigurationNode != null ) BasicConfigurationNode serializeTo = BasicConfigurationNode.root();
TypeSerializersTest.java,BasicConfigurationNode serializeTo = BasicConfigurationNode.root();,if (BasicConfigurationNode != null ) BasicConfigurationNode serializeTo = BasicConfigurationNode.root();
TypeSerializersTest.java,BasicConfigurationNode serializeTo = BasicConfigurationNode.root();,if (BasicConfigurationNode != null ) BasicConfigurationNode serializeTo = BasicConfigurationNode.root();
TypeSerializersTest.java,BasicConfigurationNode serializeTo = BasicConfigurationNode.root();,if (BasicConfigurationNode != null ) BasicConfigurationNode serializeTo = BasicConfigurationNode.root();
TypeSerializersTest.java,BasicConfigurationNode serializeTo = BasicConfigurationNode.root();,if (BasicConfigurationNode != null ) BasicConfigurationNode serializeTo = BasicConfigurationNode.root();
TypeSerializersTest.java,BasicConfigurationNode serializeTo = BasicConfigurationNode.root();,if (BasicConfigurationNode != null ) BasicConfigurationNode serializeTo = BasicConfigurationNode.root();
TypeSerializersTest.java,BasicConfigurationNode serializeTo = BasicConfigurationNode.root();,if (BasicConfigurationNode != null ) BasicConfigurationNode serializeTo = BasicConfigurationNode.root();
TypeSerializersTest.java,BasicConfigurationNode serializeTo = BasicConfigurationNode.root();,if (BasicConfigurationNode != null ) BasicConfigurationNode serializeTo = BasicConfigurationNode.root();
WatchServiceListenerTest.java,int oldVal = callCount.getAndIncrement();,if (callCount != null ) int oldVal = callCount.getAndIncrement();
ConfigurationTransformationTest.java,BasicConfigurationNode node = BasicConfigurationNode.root();,if (BasicConfigurationNode != null ) BasicConfigurationNode node = BasicConfigurationNode.root();
ConfigurationTransformationTest.java,BasicConfigurationNode node = BasicConfigurationNode.root();,if (BasicConfigurationNode != null ) BasicConfigurationNode node = BasicConfigurationNode.root();
ConfigurationTransformationTest.java,BasicConfigurationNode node = BasicConfigurationNode.root();,if (BasicConfigurationNode != null ) BasicConfigurationNode node = BasicConfigurationNode.root();
ConfigurationTransformationTest.java,BasicConfigurationNode node = BasicConfigurationNode.root();,if (BasicConfigurationNode != null ) BasicConfigurationNode node = BasicConfigurationNode.root();
ConfigurationTransformationTest.java,BasicConfigurationNode ret = BasicConfigurationNode.root();,if (BasicConfigurationNode != null ) BasicConfigurationNode ret = BasicConfigurationNode.root();
ValueReferences.java,UUID id = UUID.randomUUID();,if (UUID != null ) UUID id = UUID.randomUUID();
ValueReferences.java,this.listener = WatchServiceListener.create();,if (WatchServiceListener != null ) this.listener = WatchServiceListener.create();
ValueReferences.java,Throwable t = err.getValue();,if (err != null ) Throwable t = err.getValue();
GsonConfigurationLoader.java,JsonToken token = parser.peek();,if (parser != null ) JsonToken token = parser.peek();
GsonConfigurationLoader.java,String number = reader.nextString();,if (reader != null ) String number = reader.nextString();
GsonConfigurationLoaderTest.java,BasicConfigurationNode n = BasicConfigurationNode.root();,if (BasicConfigurationNode != null ) BasicConfigurationNode n = BasicConfigurationNode.root();
GsonConfigurationLoaderTest.java,BasicConfigurationNode start = loader.createEmptyNode();,if (loader != null ) BasicConfigurationNode start = loader.createEmptyNode();
GsonConfigurationLoaderTest.java,BasicConfigurationNode ret = loader.load();,if (loader != null ) BasicConfigurationNode ret = loader.load();
GsonConfigurationLoaderTest.java,ConfigurationNode start = loader.createEmptyNode();,if (loader != null ) ConfigurationNode start = loader.createEmptyNode();
GsonConfigurationLoaderTest.java,ConfigurationNode ret = loader.load();,if (loader != null ) ConfigurationNode ret = loader.load();
HoconConfigurationLoaderTest.java,CommentedConfigurationNode node = loader.load();,if (loader != null ) CommentedConfigurationNode node = loader.load();
HoconConfigurationLoaderTest.java,CommentedConfigurationNode node = loader.load();,if (loader != null ) CommentedConfigurationNode node = loader.load();
HoconConfigurationLoaderTest.java,CommentedConfigurationNode node = loader.createEmptyNode(ConfigurationOptions.defaults());,if (loader != null ) CommentedConfigurationNode node = loader.createEmptyNode(ConfigurationOptions.defaults());
HoconConfigurationLoaderTest.java,CommentedConfigurationNode source = loader.load();,if (loader != null ) CommentedConfigurationNode source = loader.load();
HoconConfigurationLoaderTest.java,CommentedConfigurationNode destination = loader.createEmptyNode();,if (loader != null ) CommentedConfigurationNode destination = loader.createEmptyNode();
HoconConfigurationLoaderTest.java,CommentedConfigurationNode source = loader.createEmptyNode();,if (loader != null ) CommentedConfigurationNode source = loader.createEmptyNode();
JacksonConfigurationLoader.java,JsonToken token = parser.getCurrentToken();,if (parser != null ) JsonToken token = parser.getCurrentToken();
JacksonConfigurationLoader.java,double doubleVal = parser.getDoubleValue();,if (parser != null ) double doubleVal = parser.getDoubleValue();
JacksonConfigurationLoader.java,long longVal = parser.getLongValue();,if (parser != null ) long longVal = parser.getLongValue();
JacksonVisitor.java,Object value = node.getValue();,if (node != null ) Object value = node.getValue();
JacksonConfigurationLoaderTest.java,ConfigurationNode start = loader.createEmptyNode();,if (loader != null ) ConfigurationNode start = loader.createEmptyNode();
JacksonConfigurationLoaderTest.java,ConfigurationNode ret = loader.load();,if (loader != null ) ConfigurationNode ret = loader.load();
XmlConfigurationLoader.java,DocumentBuilderFactory builderFactory = DocumentBuilderFactory.newInstance();,if (DocumentBuilderFactory != null ) DocumentBuilderFactory builderFactory = DocumentBuilderFactory.newInstance();
XmlConfigurationLoader.java,TransformerFactory transformerFactory = TransformerFactory.newInstance();,if (TransformerFactory != null ) TransformerFactory transformerFactory = TransformerFactory.newInstance();
XmlConfigurationLoader.java,Transformer transformer = transformerFactory.newTransformer();,if (transformerFactory != null ) Transformer transformer = transformerFactory.newTransformer();
XmlConfigurationLoader.java,NodeList children = document.getChildNodes();,if (document != null ) NodeList children = document.getChildNodes();
XmlConfigurationLoader.java,NamedNodeMap attributes = from.getAttributes();,if (from != null ) NamedNodeMap attributes = from.getAttributes();
XmlConfigurationLoader.java,String key = attribute.getNodeName();,if (attribute != null ) String key = attribute.getNodeName();
XmlConfigurationLoader.java,String value = attribute.getNodeValue();,if (attribute != null ) String value = attribute.getNodeValue();
XmlConfigurationLoader.java,NodeList childNodes = from.getChildNodes();,if (from != null ) NodeList childNodes = from.getChildNodes();
XmlConfigurationLoader.java,Document document = documentBuilder.newDocument();,if (documentBuilder != null ) Document document = documentBuilder.newDocument();
XmlConfigurationLoaderTest.java,AttributedConfigurationNode node = loader.load();,if (loader != null ) AttributedConfigurationNode node = loader.load();
XmlConfigurationLoaderTest.java,List<AttributedConfigurationNode> notes = node.getChildrenList();,if (node != null ) List<AttributedConfigurationNode> notes = node.getChildrenList();
XmlConfigurationLoaderTest.java,List<AttributedConfigurationNode> subNodes = secondNode.getChildrenList();,if (secondNode != null ) List<AttributedConfigurationNode> subNodes = secondNode.getChildrenList();
XmlConfigurationLoaderTest.java,AttributedConfigurationNode node = loader.load();,if (loader != null ) AttributedConfigurationNode node = loader.load();
XmlConfigurationLoaderTest.java,AttributedConfigurationNode node = loader.load();,if (loader != null ) AttributedConfigurationNode node = loader.load();
YamlConfigurationLoaderTest.java,ConfigurationNode node = loader.load();,if (loader != null ) ConfigurationNode node = loader.load();
ConfigurationNodeWalker.java,VisitedNode<T> next = it.next();,if (it != null ) VisitedNode<T> next = it.next();
ConfigurationNodeWalker.java,T node = from.getNode();,if (from != null ) T node = from.getNode();
ConfigurationNodeWalker.java,VisitedNodeImpl<N> current = this.queue.remove();,if (this != null ) VisitedNodeImpl<N> current = this.queue.remove();
ConfigurationNodeWalker.java,VisitedNodeImpl<N> result = iterator.next();,if (iterator != null ) VisitedNodeImpl<N> result = iterator.next();
ConfigurationNodeWalker.java,NodeAndChildren tail = this.stack.getLast();,if (this != null ) NodeAndChildren tail = this.stack.getLast();
ConfigurationNodeWalker.java,VisitedNodeImpl<N> child = tail.children.next();,if (tail != null ) VisitedNodeImpl<N> child = tail.children.next();
ConfigurationNodeWalkerTest.java,CommentedConfigurationNode node = CommentedConfigurationNode.root();,if (CommentedConfigurationNode != null ) CommentedConfigurationNode node = CommentedConfigurationNode.root();
TransactionalProcessorImpl.java,RegistrationTransactional<V> reg = it.next();,if (it != null ) RegistrationTransactional<V> reg = it.next();
ObjectMapperTest.java,CommentedConfigurationNode node = CommentedConfigurationNode.root();,if (CommentedConfigurationNode != null ) CommentedConfigurationNode node = CommentedConfigurationNode.root();
SuperTypePredicate.java,MethodHandles.Lookup lookup = MethodHandles.publicLookup();,if (MethodHandles != null ) MethodHandles.Lookup lookup = MethodHandles.publicLookup();
ProcessorBase.java,Registration reg = it.next();,if (it != null ) Registration reg = it.next();
JacksonConfigurationLoader.java,Object value = node.getValue();,if (node != null ) Object value = node.getValue();
Types.java,final String potential = value.toString();,if (value != null ) final String potential = value.toString();
AbstractListChildSerializer.java,List<Node> values = node.getChildrenList();,if (node != null ) List<Node> values = node.getChildrenList();
AbstractListChildSerializer.java,Object unwrappedVal = node.getValue();,if (node != null ) Object unwrappedVal = node.getValue();
CharSerializer.java,Object val = node.getValue();,if (node != null ) Object val = node.getValue();
EnumValueSerializer.java,String enumConstant = node.getString();,if (node != null ) String enumConstant = node.getString();
NumberSerializer.java,type = type.wrap();,if (type != null ) type = type.wrap();
NumberSerializer.java,type = type.wrap();,if (type != null ) type = type.wrap();
URISerializer.java,String plainUri = node.getString();,if (node != null ) String plainUri = node.getString();
URLSerializer.java,String plainUrl = node.getString();,if (node != null ) String plainUrl = node.getString();
AbstractConfigurationNodeTest.java,ConfigurationNode subject = BasicConfigurationNode.root();,if (BasicConfigurationNode != null ) ConfigurationNode subject = BasicConfigurationNode.root();
TypeSerializersTest.java,final BasicConfigurationNode serialVal = BasicConfigurationNode.root();,if (BasicConfigurationNode != null ) final BasicConfigurationNode serialVal = BasicConfigurationNode.root();
TypeSerializersTest.java,BasicConfigurationNode serializeTo = BasicConfigurationNode.root();,if (BasicConfigurationNode != null ) BasicConfigurationNode serializeTo = BasicConfigurationNode.root();
TypeSerializersTest.java,BasicConfigurationNode serializeTo = BasicConfigurationNode.root();,if (BasicConfigurationNode != null ) BasicConfigurationNode serializeTo = BasicConfigurationNode.root();
GsonConfigurationLoader.java,double nextDouble = parser.nextDouble();,if (parser != null ) double nextDouble = parser.nextDouble();
GsonConfigurationLoader.java,Object value = node.getValue();,if (node != null ) Object value = node.getValue();
MapSerializer.java,"Object valueValue = valueSerial.deserialize(value, ent.getValue());","if (ent != null ) Object valueValue = valueSerial.deserialize(value, ent.getValue());"
MapSerializer.java,BasicConfigurationNode keyNode = BasicConfigurationNode.root();,if (BasicConfigurationNode != null ) BasicConfigurationNode keyNode = BasicConfigurationNode.root();
AbstractCommentedConfigurationNode.java,comment = otherComment.get();,if (otherComment != null ) comment = otherComment.get();
AbstractListChildSerializer.java,List<Node> values = value.getChildrenList();,if (value != null ) List<Node> values = value.getChildrenList();
AbstractListChildSerializer.java,Object unwrappedVal = value.getValue();,if (value != null ) Object unwrappedVal = value.getValue();
CharSerializer.java,Object val = value.getValue();,if (value != null ) Object val = value.getValue();
EnumValueSerializer.java,String enumConstant = value.getString();,if (value != null ) String enumConstant = value.getString();
URISerializer.java,String plainUri = value.getString();,if (value != null ) String plainUri = value.getString();
URLSerializer.java,String plainUrl = value.getString();,if (value != null ) String plainUrl = value.getString();
AnnotatedObjectSerializer.java,retClass = type.getRawType();,if (type != null ) retClass = type.getRawType();
ObjectMapper.java,this.fieldType = TypeToken.of(field.getGenericType());,if (TypeToken != null ) this.fieldType = TypeToken.of(field.getGenericType());
ObjectMapper.java,constructor = clazz.getDeclaredConstructor();,if (clazz != null ) constructor = clazz.getDeclaredConstructor();
ObjectMapper.java,"FieldData data = new FieldData(field, setting.comment());","if (setting != null ) FieldData data = new FieldData(field, setting.comment());"
AbstractConfigurationNode.java,T currentChild = newValue.getChild(ent.getKey());,if (newValue != null ) T currentChild = newValue.getChild(ent.getKey());
AbstractConfigurationNode.java,T newChild = this.createNode(ent.getKey());,if (this != null ) T newChild = this.createNode(ent.getKey());
MapConfigValue.java,T child = holder.createNode(ent.getKey());,if (holder != null ) T child = holder.createNode(ent.getKey());
MapSerializer.java,SimpleConfigurationNode keyNode = ConfigurationNode.root();,if (ConfigurationNode != null ) SimpleConfigurationNode keyNode = ConfigurationNode.root();
SingleConfigurationTransformation.java,List<T> children = node.getChildrenList();,if (node != null ) List<T> children = node.getChildrenList();
AbstractConfigurationNodeTest.java,SimpleConfigurationNode config = ConfigurationNode.root();,if (ConfigurationNode != null ) SimpleConfigurationNode config = ConfigurationNode.root();
ObjectMapperTest.java,final SimpleConfigurationNode source = ConfigurationNode.root();,if (ConfigurationNode != null ) final SimpleConfigurationNode source = ConfigurationNode.root();
ObjectMapperTest.java,final SimpleConfigurationNode source = ConfigurationNode.root();,if (ConfigurationNode != null ) final SimpleConfigurationNode source = ConfigurationNode.root();
ObjectMapperTest.java,final SimpleConfigurationNode source = ConfigurationNode.root();,if (ConfigurationNode != null ) final SimpleConfigurationNode source = ConfigurationNode.root();
ObjectMapperTest.java,SimpleCommentedConfigurationNode node = CommentedConfigurationNode.root();,if (CommentedConfigurationNode != null ) SimpleCommentedConfigurationNode node = CommentedConfigurationNode.root();
ObjectMapperTest.java,SimpleConfigurationNode node = ConfigurationNode.root();,if (ConfigurationNode != null ) SimpleConfigurationNode node = ConfigurationNode.root();
ObjectMapperTest.java,final SimpleConfigurationNode node = ConfigurationNode.root();,if (ConfigurationNode != null ) final SimpleConfigurationNode node = ConfigurationNode.root();
ObjectMapperTest.java,SimpleCommentedConfigurationNode node = CommentedConfigurationNode.root();,if (CommentedConfigurationNode != null ) SimpleCommentedConfigurationNode node = CommentedConfigurationNode.root();
ObjectMapperTest.java,SimpleCommentedConfigurationNode node = CommentedConfigurationNode.root();,if (CommentedConfigurationNode != null ) SimpleCommentedConfigurationNode node = CommentedConfigurationNode.root();
TypeSerializersTest.java,SimpleConfigurationNode node = ConfigurationNode.root();,if (ConfigurationNode != null ) SimpleConfigurationNode node = ConfigurationNode.root();
TypeSerializersTest.java,SimpleConfigurationNode node = ConfigurationNode.root();,if (ConfigurationNode != null ) SimpleConfigurationNode node = ConfigurationNode.root();
TypeSerializersTest.java,final SimpleConfigurationNode value = ConfigurationNode.root();,if (ConfigurationNode != null ) final SimpleConfigurationNode value = ConfigurationNode.root();
TypeSerializersTest.java,final SimpleConfigurationNode value = ConfigurationNode.root();,if (ConfigurationNode != null ) final SimpleConfigurationNode value = ConfigurationNode.root();
TypeSerializersTest.java,final SimpleConfigurationNode value = ConfigurationNode.root();,if (ConfigurationNode != null ) final SimpleConfigurationNode value = ConfigurationNode.root();
TypeSerializersTest.java,final SimpleConfigurationNode value = ConfigurationNode.root();,if (ConfigurationNode != null ) final SimpleConfigurationNode value = ConfigurationNode.root();
TypeSerializersTest.java,final SimpleConfigurationNode value = ConfigurationNode.root();,if (ConfigurationNode != null ) final SimpleConfigurationNode value = ConfigurationNode.root();
TypeSerializersTest.java,final SimpleConfigurationNode value = ConfigurationNode.root();,if (ConfigurationNode != null ) final SimpleConfigurationNode value = ConfigurationNode.root();
TypeSerializersTest.java,final SimpleConfigurationNode serialVal = ConfigurationNode.root();,if (ConfigurationNode != null ) final SimpleConfigurationNode serialVal = ConfigurationNode.root();
TypeSerializersTest.java,final SimpleConfigurationNode value = ConfigurationNode.root();,if (ConfigurationNode != null ) final SimpleConfigurationNode value = ConfigurationNode.root();
TypeSerializersTest.java,final SimpleConfigurationNode value = ConfigurationNode.root();,if (ConfigurationNode != null ) final SimpleConfigurationNode value = ConfigurationNode.root();
TypeSerializersTest.java,final SimpleCommentedConfigurationNode commentNode = CommentedConfigurationNode.root();,if (CommentedConfigurationNode != null ) final SimpleCommentedConfigurationNode commentNode = CommentedConfigurationNode.root();
TypeSerializersTest.java,final SimpleConfigurationNode node = ConfigurationNode.root();,if (ConfigurationNode != null ) final SimpleConfigurationNode node = ConfigurationNode.root();
TypeSerializersTest.java,SimpleConfigurationNode serializeTo = ConfigurationNode.root();,if (ConfigurationNode != null ) SimpleConfigurationNode serializeTo = ConfigurationNode.root();
TypeSerializersTest.java,SimpleConfigurationNode serializeTo = ConfigurationNode.root();,if (ConfigurationNode != null ) SimpleConfigurationNode serializeTo = ConfigurationNode.root();
TypeSerializersTest.java,SimpleConfigurationNode serializeTo = ConfigurationNode.root();,if (ConfigurationNode != null ) SimpleConfigurationNode serializeTo = ConfigurationNode.root();
TypeSerializersTest.java,SimpleConfigurationNode serializeTo = ConfigurationNode.root();,if (ConfigurationNode != null ) SimpleConfigurationNode serializeTo = ConfigurationNode.root();
TypeSerializersTest.java,SimpleConfigurationNode serializeTo = ConfigurationNode.root();,if (ConfigurationNode != null ) SimpleConfigurationNode serializeTo = ConfigurationNode.root();
TypeSerializersTest.java,SimpleConfigurationNode serializeTo = ConfigurationNode.root();,if (ConfigurationNode != null ) SimpleConfigurationNode serializeTo = ConfigurationNode.root();
TypeSerializersTest.java,SimpleConfigurationNode serializeTo = ConfigurationNode.root();,if (ConfigurationNode != null ) SimpleConfigurationNode serializeTo = ConfigurationNode.root();
TypeSerializersTest.java,SimpleConfigurationNode serializeTo = ConfigurationNode.root();,if (ConfigurationNode != null ) SimpleConfigurationNode serializeTo = ConfigurationNode.root();
TypeSerializersTest.java,SimpleConfigurationNode serializeTo = ConfigurationNode.root();,if (ConfigurationNode != null ) SimpleConfigurationNode serializeTo = ConfigurationNode.root();
TypeSerializersTest.java,SimpleConfigurationNode serializeTo = ConfigurationNode.root();,if (ConfigurationNode != null ) SimpleConfigurationNode serializeTo = ConfigurationNode.root();
TypeSerializersTest.java,SimpleConfigurationNode serializeTo = ConfigurationNode.root();,if (ConfigurationNode != null ) SimpleConfigurationNode serializeTo = ConfigurationNode.root();
TypeSerializersTest.java,SimpleConfigurationNode serializeTo = ConfigurationNode.root();,if (ConfigurationNode != null ) SimpleConfigurationNode serializeTo = ConfigurationNode.root();
ConfigurationTransformationTest.java,SimpleConfigurationNode node = ConfigurationNode.root();,if (ConfigurationNode != null ) SimpleConfigurationNode node = ConfigurationNode.root();
ConfigurationTransformationTest.java,SimpleConfigurationNode node = ConfigurationNode.root();,if (ConfigurationNode != null ) SimpleConfigurationNode node = ConfigurationNode.root();
ConfigurationTransformationTest.java,SimpleConfigurationNode node = ConfigurationNode.root();,if (ConfigurationNode != null ) SimpleConfigurationNode node = ConfigurationNode.root();
ConfigurationTransformationTest.java,SimpleConfigurationNode ret = ConfigurationNode.root();,if (ConfigurationNode != null ) SimpleConfigurationNode ret = ConfigurationNode.root();
ConfigurationTransformationTest.java,final SimpleConfigurationNode node = ConfigurationNode.root();,if (ConfigurationNode != null ) final SimpleConfigurationNode node = ConfigurationNode.root();
ConfigurationTransformationTest.java,final SimpleConfigurationNode target = ConfigurationNode.root();,if (ConfigurationNode != null ) final SimpleConfigurationNode target = ConfigurationNode.root();
XMLConfigurationLoaderTest.java,SimpleAttributedConfigurationNode node = loader.load();,if (loader != null ) SimpleAttributedConfigurationNode node = loader.load();
XMLConfigurationLoaderTest.java,List<SimpleAttributedConfigurationNode> notes = node.getChildrenList();,if (node != null ) List<SimpleAttributedConfigurationNode> notes = node.getChildrenList();
MapSerializer.java,SimpleConfigurationNode keyNode = SimpleConfigurationNode.root();,if (SimpleConfigurationNode != null ) SimpleConfigurationNode keyNode = SimpleConfigurationNode.root();
AbstractConfigurationNodeTest.java,SimpleConfigurationNode config = SimpleConfigurationNode.root();,if (SimpleConfigurationNode != null ) SimpleConfigurationNode config = SimpleConfigurationNode.root();
ObjectMapperTest.java,final SimpleConfigurationNode source = SimpleConfigurationNode.root();,if (SimpleConfigurationNode != null ) final SimpleConfigurationNode source = SimpleConfigurationNode.root();
ObjectMapperTest.java,final SimpleConfigurationNode source = SimpleConfigurationNode.root();,if (SimpleConfigurationNode != null ) final SimpleConfigurationNode source = SimpleConfigurationNode.root();
ObjectMapperTest.java,final SimpleConfigurationNode source = SimpleConfigurationNode.root();,if (SimpleConfigurationNode != null ) final SimpleConfigurationNode source = SimpleConfigurationNode.root();
ObjectMapperTest.java,SimpleCommentedConfigurationNode node = SimpleCommentedConfigurationNode.root();,if (SimpleCommentedConfigurationNode != null ) SimpleCommentedConfigurationNode node = SimpleCommentedConfigurationNode.root();
ObjectMapperTest.java,SimpleConfigurationNode node = SimpleConfigurationNode.root();,if (SimpleConfigurationNode != null ) SimpleConfigurationNode node = SimpleConfigurationNode.root();
ObjectMapperTest.java,final SimpleConfigurationNode node = SimpleConfigurationNode.root();,if (SimpleConfigurationNode != null ) final SimpleConfigurationNode node = SimpleConfigurationNode.root();
ObjectMapperTest.java,SimpleCommentedConfigurationNode node = SimpleCommentedConfigurationNode.root();,if (SimpleCommentedConfigurationNode != null ) SimpleCommentedConfigurationNode node = SimpleCommentedConfigurationNode.root();
ObjectMapperTest.java,SimpleCommentedConfigurationNode node = SimpleCommentedConfigurationNode.root();,if (SimpleCommentedConfigurationNode != null ) SimpleCommentedConfigurationNode node = SimpleCommentedConfigurationNode.root();
TypeSerializersTest.java,SimpleConfigurationNode node = SimpleConfigurationNode.root();,if (SimpleConfigurationNode != null ) SimpleConfigurationNode node = SimpleConfigurationNode.root();
TypeSerializersTest.java,SimpleConfigurationNode node = SimpleConfigurationNode.root();,if (SimpleConfigurationNode != null ) SimpleConfigurationNode node = SimpleConfigurationNode.root();
TypeSerializersTest.java,final SimpleConfigurationNode value = SimpleConfigurationNode.root();,if (SimpleConfigurationNode != null ) final SimpleConfigurationNode value = SimpleConfigurationNode.root();
TypeSerializersTest.java,final SimpleConfigurationNode value = SimpleConfigurationNode.root();,if (SimpleConfigurationNode != null ) final SimpleConfigurationNode value = SimpleConfigurationNode.root();
TypeSerializersTest.java,final SimpleConfigurationNode value = SimpleConfigurationNode.root();,if (SimpleConfigurationNode != null ) final SimpleConfigurationNode value = SimpleConfigurationNode.root();
TypeSerializersTest.java,final SimpleConfigurationNode value = SimpleConfigurationNode.root();,if (SimpleConfigurationNode != null ) final SimpleConfigurationNode value = SimpleConfigurationNode.root();
TypeSerializersTest.java,final SimpleConfigurationNode value = SimpleConfigurationNode.root();,if (SimpleConfigurationNode != null ) final SimpleConfigurationNode value = SimpleConfigurationNode.root();
TypeSerializersTest.java,final SimpleConfigurationNode value = SimpleConfigurationNode.root();,if (SimpleConfigurationNode != null ) final SimpleConfigurationNode value = SimpleConfigurationNode.root();
TypeSerializersTest.java,final SimpleConfigurationNode serialVal = SimpleConfigurationNode.root();,if (SimpleConfigurationNode != null ) final SimpleConfigurationNode serialVal = SimpleConfigurationNode.root();
TypeSerializersTest.java,final SimpleConfigurationNode value = SimpleConfigurationNode.root();,if (SimpleConfigurationNode != null ) final SimpleConfigurationNode value = SimpleConfigurationNode.root();
TypeSerializersTest.java,final SimpleConfigurationNode value = SimpleConfigurationNode.root();,if (SimpleConfigurationNode != null ) final SimpleConfigurationNode value = SimpleConfigurationNode.root();
TypeSerializersTest.java,final SimpleCommentedConfigurationNode commentNode = SimpleCommentedConfigurationNode.root();,if (SimpleCommentedConfigurationNode != null ) final SimpleCommentedConfigurationNode commentNode = SimpleCommentedConfigurationNode.root();
TypeSerializersTest.java,final SimpleConfigurationNode node = SimpleConfigurationNode.root();,if (SimpleConfigurationNode != null ) final SimpleConfigurationNode node = SimpleConfigurationNode.root();
TypeSerializersTest.java,SimpleConfigurationNode serializeTo = SimpleConfigurationNode.root();,if (SimpleConfigurationNode != null ) SimpleConfigurationNode serializeTo = SimpleConfigurationNode.root();
TypeSerializersTest.java,SimpleConfigurationNode serializeTo = SimpleConfigurationNode.root();,if (SimpleConfigurationNode != null ) SimpleConfigurationNode serializeTo = SimpleConfigurationNode.root();
TypeSerializersTest.java,SimpleConfigurationNode serializeTo = SimpleConfigurationNode.root();,if (SimpleConfigurationNode != null ) SimpleConfigurationNode serializeTo = SimpleConfigurationNode.root();
TypeSerializersTest.java,SimpleConfigurationNode serializeTo = SimpleConfigurationNode.root();,if (SimpleConfigurationNode != null ) SimpleConfigurationNode serializeTo = SimpleConfigurationNode.root();
TypeSerializersTest.java,SimpleConfigurationNode serializeTo = SimpleConfigurationNode.root();,if (SimpleConfigurationNode != null ) SimpleConfigurationNode serializeTo = SimpleConfigurationNode.root();
TypeSerializersTest.java,SimpleConfigurationNode serializeTo = SimpleConfigurationNode.root();,if (SimpleConfigurationNode != null ) SimpleConfigurationNode serializeTo = SimpleConfigurationNode.root();
TypeSerializersTest.java,SimpleConfigurationNode serializeTo = SimpleConfigurationNode.root();,if (SimpleConfigurationNode != null ) SimpleConfigurationNode serializeTo = SimpleConfigurationNode.root();
TypeSerializersTest.java,SimpleConfigurationNode serializeTo = SimpleConfigurationNode.root();,if (SimpleConfigurationNode != null ) SimpleConfigurationNode serializeTo = SimpleConfigurationNode.root();
TypeSerializersTest.java,SimpleConfigurationNode serializeTo = SimpleConfigurationNode.root();,if (SimpleConfigurationNode != null ) SimpleConfigurationNode serializeTo = SimpleConfigurationNode.root();
TypeSerializersTest.java,SimpleConfigurationNode serializeTo = SimpleConfigurationNode.root();,if (SimpleConfigurationNode != null ) SimpleConfigurationNode serializeTo = SimpleConfigurationNode.root();
TypeSerializersTest.java,SimpleConfigurationNode serializeTo = SimpleConfigurationNode.root();,if (SimpleConfigurationNode != null ) SimpleConfigurationNode serializeTo = SimpleConfigurationNode.root();
TypeSerializersTest.java,SimpleConfigurationNode serializeTo = SimpleConfigurationNode.root();,if (SimpleConfigurationNode != null ) SimpleConfigurationNode serializeTo = SimpleConfigurationNode.root();
ConfigurationTransformationTest.java,SimpleConfigurationNode node = SimpleConfigurationNode.root();,if (SimpleConfigurationNode != null ) SimpleConfigurationNode node = SimpleConfigurationNode.root();
ConfigurationTransformationTest.java,SimpleConfigurationNode node = SimpleConfigurationNode.root();,if (SimpleConfigurationNode != null ) SimpleConfigurationNode node = SimpleConfigurationNode.root();
ConfigurationTransformationTest.java,SimpleConfigurationNode node = SimpleConfigurationNode.root();,if (SimpleConfigurationNode != null ) SimpleConfigurationNode node = SimpleConfigurationNode.root();
ConfigurationTransformationTest.java,SimpleConfigurationNode ret = SimpleConfigurationNode.root();,if (SimpleConfigurationNode != null ) SimpleConfigurationNode ret = SimpleConfigurationNode.root();
ConfigurationTransformationTest.java,final SimpleConfigurationNode node = SimpleConfigurationNode.root();,if (SimpleConfigurationNode != null ) final SimpleConfigurationNode node = SimpleConfigurationNode.root();
ConfigurationTransformationTest.java,final SimpleConfigurationNode target = SimpleConfigurationNode.root();,if (SimpleConfigurationNode != null ) final SimpleConfigurationNode target = SimpleConfigurationNode.root();
SimpleCommentedConfigurationNode.java,comment = otherComment.get();,if (otherComment != null ) comment = otherComment.get();
SimpleCommentedConfigurationNode.java,int result = super.hashCode();,if (super != null ) int result = super.hashCode();
XMLConfigurationLoader.java,Element root = document.getDocumentElement();,if (document != null ) Element root = document.getDocumentElement();
XMLConfigurationLoader.java,child = to.getAppendedNode();,if (to != null ) child = to.getAppendedNode();
JacksonConfigurationLoader.java,this.factory = builder.getFactory();,if (builder != null ) this.factory = builder.getFactory();
ListSerializer.java,List<Object> ret = new ArrayList<>(values.size());,if (ArrayList<>(values != null ) List<Object> ret = new ArrayList<>(values.size());
ListSerializer.java,Object unwrappedVal = value.getValue();,if (value != null ) Object unwrappedVal = value.getValue();
TypeSerializers.java,type = type.wrap();,if (type != null ) type = type.wrap();
TypeSerializers.java,type = type.wrap();,if (type != null ) type = type.wrap();
TypeSerializers.java,String enumConstant = value.getString();,if (value != null ) String enumConstant = value.getString();
TypeSerializers.java,"Object valueValue = valueSerial.deserialize(value, ent.getValue());","if (ent != null ) Object valueValue = valueSerial.deserialize(value, ent.getValue());"
TypeSerializers.java,SimpleConfigurationNode keyNode = SimpleConfigurationNode.root();,if (SimpleConfigurationNode != null ) SimpleConfigurationNode keyNode = SimpleConfigurationNode.root();
TypeSerializers.java,List<Object> ret = new ArrayList<>(values.size());,if (ArrayList<>(values != null ) List<Object> ret = new ArrayList<>(values.size());
TypeSerializers.java,Object unwrappedVal = value.getValue();,if (value != null ) Object unwrappedVal = value.getValue();
TypeSerializers.java,retClass = type.getRawType();,if (type != null ) retClass = type.getRawType();
TypeSerializers.java,String plainUri = value.getString();,if (value != null ) String plainUri = value.getString();
TypeSerializers.java,String plainUrl = value.getString();,if (value != null ) String plainUrl = value.getString();
SingleConfigurationTransformation.java,ConfigurationTransformation.NodePath nodePath = sharedPath.get();,if (sharedPath != null ) ConfigurationTransformation.NodePath nodePath = sharedPath.get();
ConfigurationNodeWalker.java,Object[] path = from.getRawPath();,if (from != null ) Object[] path = from.getRawPath();
ConfigurationNodeWalker.java,"Object[] childPath = calculatePath(path, child.getKey());","if (child != null ) Object[] childPath = calculatePath(path, child.getKey());"
ConfigurationNodeWalker.java,Object[] path = from.getRawPath();,if (from != null ) Object[] path = from.getRawPath();
ConfigurationNodeWalker.java,"Object[] childPath = calculatePath(path, child.getKey());","if (child != null ) Object[] childPath = calculatePath(path, child.getKey());"
TypeSerializerCollection.java,type = type.wrap();,if (type != null ) type = type.wrap();
ConfigValue.java,SimpleConfigurationNode node = it.next();,if (it != null ) SimpleConfigurationNode node = it.next();
ListConfigValue.java,List<SimpleConfigurationNode> values = this.values.get();,if (this != null ) List<SimpleConfigurationNode> values = this.values.get();
MapConfigValue.java,SimpleConfigurationNode child = holder.createNode(ent.getKey());,if (holder != null ) SimpleConfigurationNode child = holder.createNode(ent.getKey());
SimpleConfigurationNode.java,Object ret = value.getValue();,if (value != null ) Object ret = value.getValue();
SimpleConfigurationNode.java,Object ret = value.getValue();,if (value != null ) Object ret = value.getValue();
SimpleConfigurationNode.java,T transformed = transformer.apply(o.getValue());,if (transformer != null ) T transformed = transformer.apply(o.getValue());
SimpleConfigurationNode.java,T transformed = transformer.apply(value.getValue());,if (transformer != null ) T transformed = transformer.apply(value.getValue());
SimpleConfigurationNode.java,newValue = newValueAsNode.getValue();,if (newValueAsNode != null ) newValue = newValueAsNode.getValue();
SimpleConfigurationNode.java,SimpleConfigurationNode currentChild = newValue.getChild(ent.getKey());,if (newValue != null ) SimpleConfigurationNode currentChild = newValue.getChild(ent.getKey());
SimpleConfigurationNode.java,SimpleConfigurationNode newChild = this.createNode(ent.getKey());,if (this != null ) SimpleConfigurationNode newChild = this.createNode(ent.getKey());
SimpleConfigurationNode.java,"newValue = new ListConfigValue(this, oldValue.getValue());","if (oldValue != null ) newValue = new ListConfigValue(this, oldValue.getValue());"
ObjectMapper.java,ConfigurationNode node = source.getNode(ent.getKey());,if (source != null ) ConfigurationNode node = source.getNode(ent.getKey());
ObjectMapper.java,ConfigurationNode node = target.getNode(ent.getKey());,if (target != null ) ConfigurationNode node = target.getNode(ent.getKey());
TypeSerializers.java,SimpleConfigurationNode keyNode = SimpleConfigurationNode.root();,if (SimpleConfigurationNode != null ) SimpleConfigurationNode keyNode = SimpleConfigurationNode.root();
AbstractConfigurationNodeTest.java,ConfigurationNode config = SimpleConfigurationNode.root();,if (SimpleConfigurationNode != null ) ConfigurationNode config = SimpleConfigurationNode.root();
AbstractConfigurationNodeTest.java,ConfigurationNode config = SimpleConfigurationNode.root();,if (SimpleConfigurationNode != null ) ConfigurationNode config = SimpleConfigurationNode.root();
AbstractConfigurationNodeTest.java,ConfigurationNode root = SimpleConfigurationNode.root();,if (SimpleConfigurationNode != null ) ConfigurationNode root = SimpleConfigurationNode.root();
AbstractConfigurationNodeTest.java,ConfigurationNode root = SimpleConfigurationNode.root();,if (SimpleConfigurationNode != null ) ConfigurationNode root = SimpleConfigurationNode.root();
AbstractConfigurationNodeTest.java,ConfigurationNode root = SimpleConfigurationNode.root();,if (SimpleConfigurationNode != null ) ConfigurationNode root = SimpleConfigurationNode.root();
AbstractConfigurationNodeTest.java,ConfigurationNode root = SimpleConfigurationNode.root();,if (SimpleConfigurationNode != null ) ConfigurationNode root = SimpleConfigurationNode.root();
AbstractConfigurationNodeTest.java,ConfigurationNode root = SimpleConfigurationNode.root();,if (SimpleConfigurationNode != null ) ConfigurationNode root = SimpleConfigurationNode.root();
AbstractConfigurationNodeTest.java,ConfigurationNode root = SimpleConfigurationNode.root();,if (SimpleConfigurationNode != null ) ConfigurationNode root = SimpleConfigurationNode.root();
AbstractConfigurationNodeTest.java,ConfigurationNode root = SimpleConfigurationNode.root();,if (SimpleConfigurationNode != null ) ConfigurationNode root = SimpleConfigurationNode.root();
AbstractConfigurationNodeTest.java,ConfigurationNode config = SimpleConfigurationNode.root();,if (SimpleConfigurationNode != null ) ConfigurationNode config = SimpleConfigurationNode.root();
AbstractConfigurationNodeTest.java,ConfigurationNode secondChild = node.getAppendedNode();,if (node != null ) ConfigurationNode secondChild = node.getAppendedNode();
AbstractConfigurationNodeTest.java,ConfigurationNode root = SimpleConfigurationNode.root();,if (SimpleConfigurationNode != null ) ConfigurationNode root = SimpleConfigurationNode.root();
AbstractConfigurationNodeTest.java,ConfigurationNode root = SimpleConfigurationNode.root();,if (SimpleConfigurationNode != null ) ConfigurationNode root = SimpleConfigurationNode.root();
AbstractConfigurationNodeTest.java,SimpleConfigurationNode first = SimpleConfigurationNode.root();,if (SimpleConfigurationNode != null ) SimpleConfigurationNode first = SimpleConfigurationNode.root();
AbstractConfigurationNodeTest.java,SimpleConfigurationNode second = SimpleConfigurationNode.root();,if (SimpleConfigurationNode != null ) SimpleConfigurationNode second = SimpleConfigurationNode.root();
AbstractConfigurationNodeTest.java,SimpleConfigurationNode subject = SimpleConfigurationNode.root();,if (SimpleConfigurationNode != null ) SimpleConfigurationNode subject = SimpleConfigurationNode.root();
AbstractConfigurationNodeTest.java,SimpleConfigurationNode subject = SimpleConfigurationNode.root();,if (SimpleConfigurationNode != null ) SimpleConfigurationNode subject = SimpleConfigurationNode.root();
ConfigurationNodeWalkerTest.java,CommentedConfigurationNode node = SimpleCommentedConfigurationNode.root();,if (SimpleCommentedConfigurationNode != null ) CommentedConfigurationNode node = SimpleCommentedConfigurationNode.root();
CopyTest.java,ConfigurationNode node = SimpleConfigurationNode.root();,if (SimpleConfigurationNode != null ) ConfigurationNode node = SimpleConfigurationNode.root();
CopyTest.java,ConfigurationNode copy = node.copy();,if (node != null ) ConfigurationNode copy = node.copy();
CopyTest.java,ConfigurationNode node = SimpleConfigurationNode.root();,if (SimpleConfigurationNode != null ) ConfigurationNode node = SimpleConfigurationNode.root();
CopyTest.java,ConfigurationNode copy = original.copy();,if (original != null ) ConfigurationNode copy = original.copy();
SimpleCommentedConfigurationNodeTest.java,CommentedConfigurationNode subject = SimpleCommentedConfigurationNode.root();,if (SimpleCommentedConfigurationNode != null ) CommentedConfigurationNode subject = SimpleCommentedConfigurationNode.root();
SimpleCommentedConfigurationNodeTest.java,CommentedConfigurationNode subject = SimpleCommentedConfigurationNode.root();,if (SimpleCommentedConfigurationNode != null ) CommentedConfigurationNode subject = SimpleCommentedConfigurationNode.root();
SimpleCommentedConfigurationNodeTest.java,CommentedConfigurationNode source = SimpleCommentedConfigurationNode.root();,if (SimpleCommentedConfigurationNode != null ) CommentedConfigurationNode source = SimpleCommentedConfigurationNode.root();
SimpleCommentedConfigurationNodeTest.java,CommentedConfigurationNode target = SimpleCommentedConfigurationNode.root();,if (SimpleCommentedConfigurationNode != null ) CommentedConfigurationNode target = SimpleCommentedConfigurationNode.root();
ObjectMapperTest.java,final ConfigurationNode source = SimpleConfigurationNode.root();,if (SimpleConfigurationNode != null ) final ConfigurationNode source = SimpleConfigurationNode.root();
ObjectMapperTest.java,final ConfigurationNode source = SimpleConfigurationNode.root();,if (SimpleConfigurationNode != null ) final ConfigurationNode source = SimpleConfigurationNode.root();
ObjectMapperTest.java,final ConfigurationNode source = SimpleConfigurationNode.root();,if (SimpleConfigurationNode != null ) final ConfigurationNode source = SimpleConfigurationNode.root();
ObjectMapperTest.java,CommentedConfigurationNode node = SimpleCommentedConfigurationNode.root();,if (SimpleCommentedConfigurationNode != null ) CommentedConfigurationNode node = SimpleCommentedConfigurationNode.root();
ObjectMapperTest.java,ConfigurationNode node = SimpleConfigurationNode.root();,if (SimpleConfigurationNode != null ) ConfigurationNode node = SimpleConfigurationNode.root();
ObjectMapperTest.java,final ConfigurationNode node = SimpleConfigurationNode.root();,if (SimpleConfigurationNode != null ) final ConfigurationNode node = SimpleConfigurationNode.root();
ObjectMapperTest.java,CommentedConfigurationNode node = SimpleCommentedConfigurationNode.root();,if (SimpleCommentedConfigurationNode != null ) CommentedConfigurationNode node = SimpleCommentedConfigurationNode.root();
ObjectMapperTest.java,CommentedConfigurationNode node = SimpleCommentedConfigurationNode.root();,if (SimpleCommentedConfigurationNode != null ) CommentedConfigurationNode node = SimpleCommentedConfigurationNode.root();
TypeSerializersTest.java,SimpleConfigurationNode node = SimpleConfigurationNode.root();,if (SimpleConfigurationNode != null ) SimpleConfigurationNode node = SimpleConfigurationNode.root();
TypeSerializersTest.java,SimpleConfigurationNode node = SimpleConfigurationNode.root();,if (SimpleConfigurationNode != null ) SimpleConfigurationNode node = SimpleConfigurationNode.root();
TypeSerializersTest.java,final ConfigurationNode value = SimpleConfigurationNode.root();,if (SimpleConfigurationNode != null ) final ConfigurationNode value = SimpleConfigurationNode.root();
TypeSerializersTest.java,final ConfigurationNode value = SimpleConfigurationNode.root();,if (SimpleConfigurationNode != null ) final ConfigurationNode value = SimpleConfigurationNode.root();
TypeSerializersTest.java,final ConfigurationNode value = SimpleConfigurationNode.root();,if (SimpleConfigurationNode != null ) final ConfigurationNode value = SimpleConfigurationNode.root();
TypeSerializersTest.java,final ConfigurationNode value = SimpleConfigurationNode.root();,if (SimpleConfigurationNode != null ) final ConfigurationNode value = SimpleConfigurationNode.root();
TypeSerializersTest.java,final ConfigurationNode value = SimpleConfigurationNode.root();,if (SimpleConfigurationNode != null ) final ConfigurationNode value = SimpleConfigurationNode.root();
TypeSerializersTest.java,final ConfigurationNode serialVal = SimpleConfigurationNode.root();,if (SimpleConfigurationNode != null ) final ConfigurationNode serialVal = SimpleConfigurationNode.root();
TypeSerializersTest.java,final ConfigurationNode value = SimpleConfigurationNode.root();,if (SimpleConfigurationNode != null ) final ConfigurationNode value = SimpleConfigurationNode.root();
TypeSerializersTest.java,final ConfigurationNode value = SimpleConfigurationNode.root();,if (SimpleConfigurationNode != null ) final ConfigurationNode value = SimpleConfigurationNode.root();
TypeSerializersTest.java,final ConfigurationNode node = SimpleConfigurationNode.root();,if (SimpleConfigurationNode != null ) final ConfigurationNode node = SimpleConfigurationNode.root();
TypeSerializersTest.java,SimpleConfigurationNode serializeTo = SimpleConfigurationNode.root();,if (SimpleConfigurationNode != null ) SimpleConfigurationNode serializeTo = SimpleConfigurationNode.root();
TypeSerializersTest.java,SimpleConfigurationNode serializeTo = SimpleConfigurationNode.root();,if (SimpleConfigurationNode != null ) SimpleConfigurationNode serializeTo = SimpleConfigurationNode.root();
ConfigurationTransformationTest.java,ConfigurationNode node = SimpleConfigurationNode.root();,if (SimpleConfigurationNode != null ) ConfigurationNode node = SimpleConfigurationNode.root();
ConfigurationTransformationTest.java,ConfigurationNode node = SimpleConfigurationNode.root();,if (SimpleConfigurationNode != null ) ConfigurationNode node = SimpleConfigurationNode.root();
ConfigurationTransformationTest.java,ConfigurationNode node = SimpleConfigurationNode.root();,if (SimpleConfigurationNode != null ) ConfigurationNode node = SimpleConfigurationNode.root();
ConfigurationTransformationTest.java,ConfigurationNode node = SimpleConfigurationNode.root();,if (SimpleConfigurationNode != null ) ConfigurationNode node = SimpleConfigurationNode.root();
ConfigurationTransformationTest.java,ConfigurationNode node = SimpleConfigurationNode.root();,if (SimpleConfigurationNode != null ) ConfigurationNode node = SimpleConfigurationNode.root();
ConfigurationTransformationTest.java,ConfigurationNode ret = SimpleConfigurationNode.root();,if (SimpleConfigurationNode != null ) ConfigurationNode ret = SimpleConfigurationNode.root();
ConfigurationTransformationTest.java,final ConfigurationNode node = SimpleConfigurationNode.root();,if (SimpleConfigurationNode != null ) final ConfigurationNode node = SimpleConfigurationNode.root();
ConfigurationTransformationTest.java,final ConfigurationNode target = SimpleConfigurationNode.root();,if (SimpleConfigurationNode != null ) final ConfigurationNode target = SimpleConfigurationNode.root();
GsonConfigurationLoaderTest.java,ConfigurationNode n = SimpleConfigurationNode.root();,if (SimpleConfigurationNode != null ) ConfigurationNode n = SimpleConfigurationNode.root();
GsonConfigurationLoaderTest.java,ConfigurationNode start = loader.createEmptyNode();,if (loader != null ) ConfigurationNode start = loader.createEmptyNode();
GsonConfigurationLoaderTest.java,ConfigurationNode ret = loader.load();,if (loader != null ) ConfigurationNode ret = loader.load();
HOCONConfigurationLoaderTest.java,CommentedConfigurationNode node = loader.load();,if (loader != null ) CommentedConfigurationNode node = loader.load();
HOCONConfigurationLoaderTest.java,CommentedConfigurationNode node = loader.load();,if (loader != null ) CommentedConfigurationNode node = loader.load();
HOCONConfigurationLoaderTest.java,CommentedConfigurationNode node = loader.createEmptyNode(ConfigurationOptions.defaults());,if (loader != null ) CommentedConfigurationNode node = loader.createEmptyNode(ConfigurationOptions.defaults());
JacksonConfigurationLoaderTest.java,ConfigurationNode start = loader.createEmptyNode();,if (loader != null ) ConfigurationNode start = loader.createEmptyNode();
JacksonConfigurationLoaderTest.java,ConfigurationNode ret = loader.load();,if (loader != null ) ConfigurationNode ret = loader.load();
XMLConfigurationLoaderTest.java,AttributedConfigurationNode node = loader.load();,if (loader != null ) AttributedConfigurationNode node = loader.load();
XMLConfigurationLoaderTest.java,AttributedConfigurationNode node = loader.load();,if (loader != null ) AttributedConfigurationNode node = loader.load();
YAMLConfigurationLoaderTest.java,ConfigurationNode node = loader.load();,if (loader != null ) ConfigurationNode node = loader.load();
SimpleConfigurationNode.java,SimpleConfigurationNode newChild = createNode(ent.getKey());,if (createNode(ent != null ) SimpleConfigurationNode newChild = createNode(ent.getKey());
TypeSerializersTest.java,public ExpectedException expectedException = ExpectedException.none();,if (ExpectedException != null ) public ExpectedException expectedException = ExpectedException.none();
GsonConfigurationLoaderTest.java,final Path tempFile = folder.newFile().toPath();,if (folder != null ) final Path tempFile = folder.newFile().toPath();
GsonConfigurationLoaderTest.java,final File tempFile = folder.newFile();,if (folder != null ) final File tempFile = folder.newFile();
GsonConfigurationLoaderTest.java,final File tempFile = folder.newFile();,if (folder != null ) final File tempFile = folder.newFile();
GsonConfigurationLoaderTest.java,final Path tempFile = folder.newFile().toPath();,if (folder != null ) final Path tempFile = folder.newFile().toPath();
GsonConfigurationLoaderTest.java,final Path tempFile = folder.newFile().toPath();,if (folder != null ) final Path tempFile = folder.newFile().toPath();
HoconConfigurationLoaderTest.java,final Path saveTest = folder.newFile().toPath();,if (folder != null ) final Path saveTest = folder.newFile().toPath();
HoconConfigurationLoaderTest.java,final Path saveTo = folder.newFile().toPath();,if (folder != null ) final Path saveTo = folder.newFile().toPath();
HoconConfigurationLoaderTest.java,final Path saveTo = folder.newFile().toPath();,if (folder != null ) final Path saveTo = folder.newFile().toPath();
HoconConfigurationLoaderTest.java,final Path saveTo = folder.newFile().toPath();,if (folder != null ) final Path saveTo = folder.newFile().toPath();
JSONConfigurationLoaderTest.java,final Path tempFile = folder.newFile().toPath();,if (folder != null ) final Path tempFile = folder.newFile().toPath();
JSONConfigurationLoaderTest.java,final Path tempFile = folder.newFile().toPath();,if (folder != null ) final Path tempFile = folder.newFile().toPath();
XMLConfigurationLoaderTest.java,final Path saveTest = folder.newFile().toPath();,if (folder != null ) final Path saveTest = folder.newFile().toPath();
XMLConfigurationLoaderTest.java,final Path saveTest = folder.newFile().toPath();,if (folder != null ) final Path saveTest = folder.newFile().toPath();
XMLConfigurationLoaderTest.java,final Path saveTest = folder.newFile().toPath();,if (folder != null ) final Path saveTest = folder.newFile().toPath();
SimpleConfigurationNode.java,int result = options.hashCode();,if (options != null ) int result = options.hashCode();
SingleConfigurationTransformation.java,NodePathImpl nodePath = sharedPath.get();,if (sharedPath != null ) NodePathImpl nodePath = sharedPath.get();
SimpleConfigurationNode.java,SimpleConfigurationNode child = createNode(ent.getKey());,if (createNode(ent != null ) SimpleConfigurationNode child = createNode(ent.getKey());
SimpleConfigurationNode.java,newValue = newNode.getValue();,if (newNode != null ) newValue = newNode.getValue();
SimpleConfigurationNode.java,T def = defSupplier.get();,if (defSupplier != null ) T def = defSupplier.get();
SimpleConfigurationNode.java,T def = defSupplier.get();,if (defSupplier != null ) T def = defSupplier.get();
SimpleConfigurationNode.java,oldValue = newValue = value.get();,if (value != null ) oldValue = newValue = value.get();
SimpleConfigurationNode.java,"newValue = new ListConfigValue(this, oldValue.getValue());","if (oldValue != null ) newValue = new ListConfigValue(this, oldValue.getValue());"
AbstractConfigurationLoader.java,protected ConfigurationOptions defaultOptions = ConfigurationOptions.defaults();,if (ConfigurationOptions != null ) protected ConfigurationOptions defaultOptions = ConfigurationOptions.defaults();
AbstractConfigurationLoader.java,this.defaultOptions = builder.getDefaultOptions();,if (builder != null ) this.defaultOptions = builder.getDefaultOptions();
SingleConfigurationTransformation.java,NodePath immutablePath = sharedPath.get();,if (sharedPath != null ) NodePath immutablePath = sharedPath.get();
HoconConfigurationLoaderTest.java,HoconConfigurationLoader subject = HoconConfigurationLoader.builder().build();,if (HoconConfigurationLoader != null ) HoconConfigurationLoader subject = HoconConfigurationLoader.builder().build();
HoconConfigurationLoaderTest.java,HoconConfigurationLoader subject = HoconConfigurationLoader.builder().build();,if (HoconConfigurationLoader != null ) HoconConfigurationLoader subject = HoconConfigurationLoader.builder().build();
TypeSerializerCollection.java,serial = ent.getValue();,if (ent != null ) serial = ent.getValue();
TypeSerializerCollection.java,serial = ent.getValue();,if (ent != null ) serial = ent.getValue();
HoconConfigurationLoader.java,private ConfigParseOptions parse = ConfigParseOptions.defaults();,if (ConfigParseOptions != null ) private ConfigParseOptions parse = ConfigParseOptions.defaults();
TypeSerializers.java,enumConstant = enumConstant.toUpperCase();,if (enumConstant != null ) enumConstant = enumConstant.toUpperCase();
AbstractConfigurationLoader.java,this.preservesHeader = builder.preservesHeader();,if (builder != null ) this.preservesHeader = builder.preservesHeader();
AbstractConfigurationLoader.java,String header = node.getOptions().getHeader();,if (node != null ) String header = node.getOptions().getHeader();
JSONConfigurationLoaderTest.java,final File tempFile = folder.newFile();,if (folder != null ) final File tempFile = folder.newFile();
AtomicFileOutputStream.java,Path writePath = writeFile.toPath();,if (writeFile != null ) Path writePath = writeFile.toPath();
AtomicFileOutputStream.java,Path targetPath = targetFile.toPath();,if (targetFile != null ) Path targetPath = targetFile.toPath();
GsonConfigurationLoaderTest.java,final File tempFile = folder.newFile();,if (folder != null ) final File tempFile = folder.newFile();
HoconConfigurationLoaderTest.java,final File saveTest = folder.newFile();,if (folder != null ) final File saveTest = folder.newFile();
HoconConfigurationLoaderTest.java,final File saveTo = folder.newFile();,if (folder != null ) final File saveTo = folder.newFile();
HoconConfigurationLoaderTest.java,final File saveTo = folder.newFile();,if (folder != null ) final File saveTo = folder.newFile();
HoconConfigurationLoaderTest.java,final File saveTo = folder.newFile();,if (folder != null ) final File saveTo = folder.newFile();
HoconConfigurationLoader.java,Optional<String> comment = commentedNode.getComment();,if (commentedNode != null ) Optional<String> comment = commentedNode.getComment();
SimpleConfigurationNode.java,value = this.value.get();,if (this != null ) value = this.value.get();
SimpleConfigurationNode.java,oldValue = newValue = value.get();,if (value != null ) oldValue = newValue = value.get();
SimpleConfigurationNode.java,ConfigValue value = this.value.get();,if (this != null ) ConfigValue value = this.value.get();
SimpleConfigurationNode.java,ConfigValue value = this.value.get();,if (this != null ) ConfigValue value = this.value.get();
SimpleConfigurationNode.java,final ConfigValue oldValue = value.get();,if (value != null ) final ConfigValue oldValue = value.get();
SimpleConfigurationNode.java,final ConfigValue oldValue = value.get();,if (value != null ) final ConfigValue oldValue = value.get();
SimpleConfigurationNode.java,"newValue = new ListConfigValue(this, oldValue.getValue());","if (oldValue != null ) newValue = new ListConfigValue(this, oldValue.getValue());"
GsonConfigurationLoaderTest.java,ConfigurationNode node = loader.load();,if (loader != null ) ConfigurationNode node = loader.load();
JSONConfigurationLoaderTest.java,ConfigurationNode node = loader.load();,if (loader != null ) ConfigurationNode node = loader.load();
HoconConfigurationLoaderTest.java,CommentedConfigurationNode node = loader.createEmptyNode(ConfigurationOptions.defaults());,if (loader != null ) CommentedConfigurationNode node = loader.createEmptyNode(ConfigurationOptions.defaults());
ObjectMapper.java,currentMapper = forClass(currentInstance.getClass());,if (forClass(currentInstance != null ) currentMapper = forClass(currentInstance.getClass());
ObjectMapper.java,currentMapper = forClass(currentInstance.getClass());,if (forClass(currentInstance != null ) currentMapper = forClass(currentInstance.getClass());
ObjectMapperTest.java,final ConfigurationNode node = SimpleConfigurationNode.root();,if (SimpleConfigurationNode != null ) final ConfigurationNode node = SimpleConfigurationNode.root();
ObjectMapper.java,ConfigurationNode node = source.getNode(ent.getKey());,if (source != null ) ConfigurationNode node = source.getNode(ent.getKey());
ObjectMapper.java,ConfigurationNode node = target.getNode(ent.getKey());,if (target != null ) ConfigurationNode node = target.getNode(ent.getKey());
ObjectMapperTest.java,final TestObject obj = mapper.newInstance(SimpleConfigurationNode.root());,if (mapper != null ) final TestObject obj = mapper.newInstance(SimpleConfigurationNode.root());
ObjectMapper.java,String[] path = setting.value();,if (setting != null ) String[] path = setting.value();
HoconConfigurationLoaderTest.java,CommentedConfigurationNode node = loader.createEmptyNode();,if (loader != null ) CommentedConfigurationNode node = loader.createEmptyNode();
ConfigurationTransformation.java,path[i] = ent.getKey();,if (ent != null ) path[i] = ent.getKey();
ConfigurationTransformation.java,NodePath immutablePath = sharedPath.get();,if (sharedPath != null ) NodePath immutablePath = sharedPath.get();
HoconConfigurationLoaderTest.java,CommentedConfigurationNode node = SimpleCommentedConfigurationNode.root();,if (SimpleCommentedConfigurationNode != null ) CommentedConfigurationNode node = SimpleCommentedConfigurationNode.root();
HoconConfigurationLoader.java,final SimpleCommentedConfigurationNode node = SimpleCommentedConfigurationNode.root(); // TODO: autoattach,if (autoattach != null ) final SimpleCommentedConfigurationNode node = SimpleCommentedConfigurationNode.root(); // TODO: autoattach
JSONConfigurationLoader.java,final SimpleConfigurationNode node = SimpleConfigurationNode.root();,if (SimpleConfigurationNode != null ) final SimpleConfigurationNode node = SimpleConfigurationNode.root();
YAMLConfigurationLoader.java,final SimpleConfigurationNode node = SimpleConfigurationNode.root();,if (SimpleConfigurationNode != null ) final SimpleConfigurationNode node = SimpleConfigurationNode.root();
HoconConfigurationLoader.java,final ConfigValue value = ConfigValueFactory.fromAnyRef(node.getValue());,if (ConfigValueFactory != null ) final ConfigValue value = ConfigValueFactory.fromAnyRef(node.getValue());
SimpleConfigurationNode.java,lastChild = getImplChildrenMap().isEmpty();,if (getImplChildrenMap() != null ) lastChild = getImplChildrenMap().isEmpty();
SimpleConfigurationNodeTest.java,ConfigurationNode secondChild = node.getAppendedChild();,if (node != null ) ConfigurationNode secondChild = node.getAppendedChild();
HoconConfigurationLoader.java,final ConfigValue value = ConfigValueFactory.fromAnyRef(node.getValue());,if (ConfigValueFactory != null ) final ConfigValue value = ConfigValueFactory.fromAnyRef(node.getValue());
Types.java,final String potential = value.toString();,if (value != null ) final String potential = value.toString();
