Filename,Buggy/Deleted,Fixed/Added
Configuration.java,private MetricsFactory metricsFactory = MetricsFactoryResolver.INSTANCE.resolve();,if (MetricsFactoryResolver != null ) private MetricsFactory metricsFactory = MetricsFactoryResolver.INSTANCE.resolve();
DropwizardTimerTest.java,timer = new io.dropwizard.metrics.Timer();,if (io != null ) timer = new io.dropwizard.metrics.Timer();
BitronixPoolAdapter.java,BitronixRuntimeException cause = (BitronixRuntimeException) e.getCause();,if (e != null ) BitronixRuntimeException cause = (BitronixRuntimeException) e.getCause();
ConnectionDecoratorFactoryResolver.java,int currentLoadingIndex = connectionDecoratorFactoryService.loadingIndex();,if (connectionDecoratorFactoryService != null ) int currentLoadingIndex = connectionDecoratorFactoryService.loadingIndex();
ConnectionDecoratorFactoryResolver.java,connectionDecoratorFactory = connectionDecoratorFactoryService.load();,if (connectionDecoratorFactoryService != null ) connectionDecoratorFactory = connectionDecoratorFactoryService.load();
CodahaleTimerTest.java,timer = new com.codahale.metrics.Timer();,if (com != null ) timer = new com.codahale.metrics.Timer();
ViburDBCPPoolAdapter.java,boolean enableJMX = getTargetDataSource().isEnableJMX();,if (getTargetDataSource() != null ) boolean enableJMX = getTargetDataSource().isEnableJMX();
FlexyPoolDataSource.java,DS dataSource = propertyLoader.getDataSource();,if (propertyLoader != null ) DS dataSource = propertyLoader.getDataSource();
FlexyPoolDataSource.java,PoolAdapterFactory<DS> poolAdapterFactory = propertyLoader.getPoolAdapterFactory();,if (propertyLoader != null ) PoolAdapterFactory<DS> poolAdapterFactory = propertyLoader.getPoolAdapterFactory();
FlexyPoolDataSource.java,DS dataSource = (DS) propertyLoader.getDataSource();,if (propertyLoader != null ) DS dataSource = (DS) propertyLoader.getDataSource();
FlexyPoolHibernateConnectionProvider.java,poolAdapterFactory = poolAdapterFactoryClass.newInstance();,if (poolAdapterFactoryClass != null ) poolAdapterFactory = poolAdapterFactoryClass.newInstance();
FlexyPoolHibernateConnectionProvider.java,Class<MetricsFactory> metricsFactoryClass = ClassLoaderUtils.loadClass(metricsFactoryProperty.toString());,if (ClassLoaderUtils != null ) Class<MetricsFactory> metricsFactoryClass = ClassLoaderUtils.loadClass(metricsFactoryProperty.toString());
FlexyPoolDataSource.java,DS dataSource = (DS) propertyLoader.getDataSource();,if (propertyLoader != null ) DS dataSource = (DS) propertyLoader.getDataSource();
AbstractPoolAdapter.java,long startNanos = System.nanoTime();,if (System != null ) long startNanos = System.nanoTime();
AbstractPoolAdapter.java,long endNanos = System.nanoTime();,if (System != null ) long endNanos = System.nanoTime();
FlexyPoolDataSource.java,this.targetDataSource = configuration.getPoolAdapter().getTargetDataSource();,if (configuration != null ) this.targetDataSource = configuration.getPoolAdapter().getTargetDataSource();
ConnectionCallback.java,this.startNanos = System.nanoTime();,if (System != null ) this.startNanos = System.nanoTime();
DynamicProxyInvocationHandler.java,this.startNanos = System.nanoTime();,if (System != null ) this.startNanos = System.nanoTime();
DynamicProxyInvocationHandler.java,long endNanos = System.nanoTime();,if (System != null ) long endNanos = System.nanoTime();
FlexyPoolDataSource.java,this.connectionProxyBuilder = configuration.getConnectionProxyBuilder();,if (configuration != null ) this.connectionProxyBuilder = configuration.getConnectionProxyBuilder();
ReflectionUtils.java,parameterTypes[i] = parameterTypedObject.getType();,if (parameterTypedObject != null ) parameterTypes[i] = parameterTypedObject.getType();
ReflectionUtils.java,parameters[i] = parameterTypedObject.getObject();,if (parameterTypedObject != null ) parameters[i] = parameterTypedObject.getObject();
BitronixIntegrationTest.java,Connection connection = dataSource.getConnection();,if (dataSource != null ) Connection connection = dataSource.getConnection();
BasicDataSourceIntegrationTest.java,Connection connection = dataSource.getConnection();,if (dataSource != null ) Connection connection = dataSource.getConnection();
BitronixPoolAdapter.java,BitronixRuntimeException cause = (BitronixRuntimeException) e.getCause();,if (e != null ) BitronixRuntimeException cause = (BitronixRuntimeException) e.getCause();
BitronixIntegrationTest.java,Connection connection = dataSource.getConnection();,if (dataSource != null ) Connection connection = dataSource.getConnection();
FlexyPoolDataSource.java,this.targetDataSource = configuration.getPoolAdapter().getTargetDataSource();,if (configuration != null ) this.targetDataSource = configuration.getPoolAdapter().getTargetDataSource();
FlexyPoolDataSource.java,this.metrics = configuration.getMetrics();,if (configuration != null ) this.metrics = configuration.getMetrics();
FlexyPoolDataSource.java,long startNanos = System.nanoTime();,if (System != null ) long startNanos = System.nanoTime();
FlexyPoolDataSource.java,long endNanos = System.nanoTime();,if (System != null ) long endNanos = System.nanoTime();
AbstractPoolAdapter.java,this.targetDataSource = configurationProperties.getTargetDataSource();,if (configurationProperties != null ) this.targetDataSource = configurationProperties.getTargetDataSource();
AbstractPoolAdapter.java,Credentials credentials = requestContext.getCredentials();,if (requestContext != null ) Credentials credentials = requestContext.getCredentials();
AbstractPoolAdapter.java,long startNanos = System.nanoTime();,if (System != null ) long startNanos = System.nanoTime();
AbstractPoolAdapter.java,long endNanos = System.nanoTime();,if (System != null ) long endNanos = System.nanoTime();
AbstractConnectionAcquiringStrategy.java,this.connectionFactory = configurationProperties.getPoolAdapter();,if (configurationProperties != null ) this.connectionFactory = configurationProperties.getPoolAdapter();
IncrementPoolOnTimeoutConnectionAcquiringStrategy.java,poolAdapter = configurationProperties.getPoolAdapter();,if (configurationProperties != null ) poolAdapter = configurationProperties.getPoolAdapter();
IncrementPoolOnTimeoutConnectionAcquiringStrategy.java,int expectingMaxSize = poolAdapter.getMaxPoolSize();,if (poolAdapter != null ) int expectingMaxSize = poolAdapter.getMaxPoolSize();
IncrementPoolOnTimeoutConnectionAcquiringStrategy.java,int currentMaxSize = poolAdapter.getMaxPoolSize();,if (poolAdapter != null ) int currentMaxSize = poolAdapter.getMaxPoolSize();
RetryConnectionAcquiringStrategy.java,int attemptedRetries = requestContext.getRetryAttempts();,if (requestContext != null ) int attemptedRetries = requestContext.getRetryAttempts();
FlexyPoolDataSourceTest.java,Credentials credentials = connectionRequestContextArgumentCaptor.getValue().getCredentials();,if (connectionRequestContextArgumentCaptor != null ) Credentials credentials = connectionRequestContextArgumentCaptor.getValue().getCredentials();
AbstractPoolAdapterTest.java,ConnectionRequestContext connectionRequestContext = new ConnectionRequestContext.Builder().build();,if (ConnectionRequestContext != null ) ConnectionRequestContext connectionRequestContext = new ConnectionRequestContext.Builder().build();
AbstractPoolAdapterTest.java,ConnectionRequestContext connectionRequestContext = new ConnectionRequestContext.Builder().build();,if (ConnectionRequestContext != null ) ConnectionRequestContext connectionRequestContext = new ConnectionRequestContext.Builder().build();
AbstractPoolAdapterTest.java,ConnectionRequestContext connectionRequestContext = new ConnectionRequestContext.Builder().build();,if (ConnectionRequestContext != null ) ConnectionRequestContext connectionRequestContext = new ConnectionRequestContext.Builder().build();
CodahaleTimerTest.java,timer = new com.codahale.metrics.Timer();,if (com != null ) timer = new com.codahale.metrics.Timer();
IncrementPoolOnTimeoutConnectionAcquiringStrategyTest.java,connectionRequestContext = new ConnectionRequestContext.Builder().build();,if (ConnectionRequestContext != null ) connectionRequestContext = new ConnectionRequestContext.Builder().build();
RetryConnectionAcquiringStrategyTest.java,connectionRequestContext = new ConnectionRequestContext.Builder().build();,if (ConnectionRequestContext != null ) connectionRequestContext = new ConnectionRequestContext.Builder().build();
AbstractConnectionAcquiringStrategy.java,this.connectionFactory = configuration.getPoolAdapter();,if (configuration != null ) this.connectionFactory = configuration.getPoolAdapter();
IncrementPoolOnTimeoutConnectionAcquiringStrategy.java,poolAdapter = configuration.getPoolAdapter();,if (configuration != null ) poolAdapter = configuration.getPoolAdapter();
AbstractPoolAdapter.java,this.targetDataSource = configuration.getTargetDataSource();,if (configuration != null ) this.targetDataSource = configuration.getTargetDataSource();
FlexyPoolDataSource.java,long startNanos = System.nanoTime();,if (System != null ) long startNanos = System.nanoTime();
FlexyPoolDataSource.java,long endNanos = System.nanoTime();,if (System != null ) long endNanos = System.nanoTime();
IncrementPoolOnTimeoutConnectionAcquiringStrategy.java,poolAdapter = configuration.getPoolAdapter();,if (configuration != null ) poolAdapter = configuration.getPoolAdapter();
FlexyPoolDataSource.java,this.targetDataSource = context.getPoolAdapter().getTargetDataSource();,if (context != null ) this.targetDataSource = context.getPoolAdapter().getTargetDataSource();
IncrementPoolOnTimeoutConnectionAcquiringStrategy.java,poolAdapter = context.getPoolAdapter();,if (context != null ) poolAdapter = context.getPoolAdapter();
IncrementPoolOnTimeoutConnectionAcquiringStrategy.java,poolAdapter = context.getPoolAdapter();,if (context != null ) poolAdapter = context.getPoolAdapter();
FlexyPoolDataSource.java,this.dataSource = connectionAcquiringStrategy.getPoolAdapter().getDataSource();,if (connectionAcquiringStrategy != null ) this.dataSource = connectionAcquiringStrategy.getPoolAdapter().getDataSource();
AbstractPoolAdapter.java,Credentials credentials = context.getCredentials();,if (context != null ) Credentials credentials = context.getCredentials();
AbstractConnectionAcquiringStrategy.java,this.poolAdapter = connectionAcquiringStrategy.getPoolAdapter();,if (connectionAcquiringStrategy != null ) this.poolAdapter = connectionAcquiringStrategy.getPoolAdapter();
IncrementPoolOnTimeoutConnectionAcquiringStrategy.java,int expectingMaxSize = getPoolAdapter().getMaxPoolSize();,if (getPoolAdapter() != null ) int expectingMaxSize = getPoolAdapter().getMaxPoolSize();
IncrementPoolOnTimeoutConnectionAcquiringStrategy.java,int currentMaxSize = getPoolAdapter().getMaxPoolSize();,if (getPoolAdapter() != null ) int currentMaxSize = getPoolAdapter().getMaxPoolSize();
RetryConnectionAcquiringStrategy.java,int attemptedRetries = context.getRetryAttempts();,if (context != null ) int attemptedRetries = context.getRetryAttempts();
IncrementPoolOnTimeoutConnectionAcquiringStrategy.java,maxSize = getPoolAdapter().getMaxPoolSize();,if (getPoolAdapter() != null ) maxSize = getPoolAdapter().getMaxPoolSize();
IncrementPoolOnTimeoutConnectionAcquiringStrategy.java,minSize = getPoolAdapter().getMinPoolSize();,if (getPoolAdapter() != null ) minSize = getPoolAdapter().getMinPoolSize();
IncrementPoolOnTimeoutConnectionAcquiringStrategy.java,int previousMaxSize = getPoolAdapter().getMaxPoolSize();,if (getPoolAdapter() != null ) int previousMaxSize = getPoolAdapter().getMaxPoolSize();
AbstractPoolAdapterTest.java,connectionRequestContext = new ConnectionRequestContext.Builder().build();,if (ConnectionRequestContext != null ) connectionRequestContext = new ConnectionRequestContext.Builder().build();
AbstractPoolAdapterTest.java,context = new ConnectionRequestContext.Builder().build();,if (ConnectionRequestContext != null ) context = new ConnectionRequestContext.Builder().build();
IncrementPoolOnTimeoutConnectionAcquiringStrategyTest.java,ConnectionRequestContext context = new ConnectionRequestContext.Builder().build();,if (ConnectionRequestContext != null ) ConnectionRequestContext context = new ConnectionRequestContext.Builder().build();
IncrementPoolOnTimeoutConnectionAcquiringStrategyTest.java,ConnectionRequestContext context = new ConnectionRequestContext.Builder().build();,if (ConnectionRequestContext != null ) ConnectionRequestContext context = new ConnectionRequestContext.Builder().build();
IncrementPoolOnTimeoutConnectionAcquiringStrategyTest.java,ConnectionRequestContext context = new ConnectionRequestContext.Builder().build();,if (ConnectionRequestContext != null ) ConnectionRequestContext context = new ConnectionRequestContext.Builder().build();
RetryConnectionAcquiringStrategyTest.java,ConnectionRequestContext context = new ConnectionRequestContext.Builder().build();,if (ConnectionRequestContext != null ) ConnectionRequestContext context = new ConnectionRequestContext.Builder().build();
RetryConnectionAcquiringStrategyTest.java,ConnectionRequestContext context = new ConnectionRequestContext.Builder().build();,if (ConnectionRequestContext != null ) ConnectionRequestContext context = new ConnectionRequestContext.Builder().build();
RetryConnectionAcquiringStrategyTest.java,ConnectionRequestContext context = new ConnectionRequestContext.Builder().build();,if (ConnectionRequestContext != null ) ConnectionRequestContext context = new ConnectionRequestContext.Builder().build();
