Filename,Buggy/Deleted,Fixed/Added
ParameterizedBehaviorTestRunner.java,Description originalDescription = superDescription.get();,if (superDescription != null ) Description originalDescription = superDescription.get();
ParameterizedBehaviorTestRunner.java,Object test = superCreateTest.get();,if (superCreateTest != null ) Object test = superCreateTest.get();
BiMapPropertyTest.java,List<NamingConvention> conventions = Arrays.asList(NamingConvention.values());,if (Arrays != null ) List<NamingConvention> conventions = Arrays.asList(NamingConvention.values());
GeneratedBuilder.java,FieldAccessList fields = getFields(generatorsByProperty.keySet());,if (getFields(generatorsByProperty != null ) FieldAccessList fields = getFields(generatorsByProperty.keySet());
GeneratedBuilder.java,FieldAccessList fields = getFields(generatorsByProperty.keySet());,if (getFields(generatorsByProperty != null ) FieldAccessList fields = getFields(generatorsByProperty.keySet());
CompilationFailureSubjectImpl.java,this.nextCandidate = diagnostics.iterator();,if (diagnostics != null ) this.nextCandidate = diagnostics.iterator();
CompilationFailureSubjectImpl.java,this.candidate = nextCandidate.next();,if (nextCandidate != null ) this.candidate = nextCandidate.next();
CompilationFailureSubjectImpl.java,candidate = nextCandidate.next();,if (nextCandidate != null ) candidate = nextCandidate.next();
CompilationFailureSubjectImpl.java,candidate = nextCandidate.next();,if (nextCandidate != null ) candidate = nextCandidate.next();
CompilationFailureSubjectImpl.java,candidate = nextCandidate.next();,if (nextCandidate != null ) candidate = nextCandidate.next();
Util.java,type = wildcard.getExtendsBound();,if (wildcard != null ) type = wildcard.getExtendsBound();
Util.java,String erasedType = type.asElement().toString();,if (type != null ) String erasedType = type.asElement().toString();
Util.java,String erasedType = type.asElement().toString();,if (type != null ) String erasedType = type.asElement().toString();
ModelUtilsTest.java,TypeMirror typeArgument = method.getReturnType();,if (method != null ) TypeMirror typeArgument = method.getReturnType();
FunctionalType.java,TypeMirror parameter = getOnlyElement(methodType.getParameterTypes());,if (getOnlyElement(methodType != null ) TypeMirror parameter = getOnlyElement(methodType.getParameterTypes());
JavacMethodIntrospector.java,ExpressionTree lhs = node.getExpression();,if (node != null ) ExpressionTree lhs = node.getExpression();
PrimitiveOptionalProperty.java,this.elementType = property.getType();,if (property != null ) this.elementType = property.getType();
PrimitiveOptionalProperty.java,String type = elementType.toString();,if (elementType != null ) String type = elementType.toString();
ToStringGeneratorTest.java,SourceBuilder code = SourceStringBuilder.simple();,if (SourceStringBuilder != null ) SourceBuilder code = SourceStringBuilder.simple();
ToStringGeneratorTest.java,SourceBuilder code = SourceStringBuilder.simple();,if (SourceStringBuilder != null ) SourceBuilder code = SourceStringBuilder.simple();
LazyNameTest.java,SourceBuilder code = SourceStringBuilder.simple();,if (SourceStringBuilder != null ) SourceBuilder code = SourceStringBuilder.simple();
LazyNameTest.java,SourceBuilder code = SourceStringBuilder.simple();,if (SourceStringBuilder != null ) SourceBuilder code = SourceStringBuilder.simple();
LazyNameTest.java,SourceBuilder code = SourceStringBuilder.simple();,if (SourceStringBuilder != null ) SourceBuilder code = SourceStringBuilder.simple();
BuildablePropertyTest.java,CompilationUnitBuilder customMutatorType = CompilationUnitBuilder.forTesting();,if (CompilationUnitBuilder != null ) CompilationUnitBuilder customMutatorType = CompilationUnitBuilder.forTesting();
DefaultedMapperMethodTest.java,CompilationUnitBuilder customMapperType = CompilationUnitBuilder.forTesting();,if (CompilationUnitBuilder != null ) CompilationUnitBuilder customMapperType = CompilationUnitBuilder.forTesting();
DefaultedMapperMethodTest.java,CompilationUnitBuilder customMapperType = CompilationUnitBuilder.forTesting();,if (CompilationUnitBuilder != null ) CompilationUnitBuilder customMapperType = CompilationUnitBuilder.forTesting();
DefaultedMapperMethodTest.java,CompilationUnitBuilder customMapperType = CompilationUnitBuilder.forTesting();,if (CompilationUnitBuilder != null ) CompilationUnitBuilder customMapperType = CompilationUnitBuilder.forTesting();
ListMultimapMutateMethodTest.java,CompilationUnitBuilder customMutatorType = CompilationUnitBuilder.forTesting();,if (CompilationUnitBuilder != null ) CompilationUnitBuilder customMutatorType = CompilationUnitBuilder.forTesting();
ListMutateMethodTest.java,CompilationUnitBuilder customMutatorType = CompilationUnitBuilder.forTesting();,if (CompilationUnitBuilder != null ) CompilationUnitBuilder customMutatorType = CompilationUnitBuilder.forTesting();
ListMutateMethodTest.java,CompilationUnitBuilder customMutatorType = CompilationUnitBuilder.forTesting();,if (CompilationUnitBuilder != null ) CompilationUnitBuilder customMutatorType = CompilationUnitBuilder.forTesting();
MapMutateMethodTest.java,CompilationUnitBuilder customMutatorType = CompilationUnitBuilder.forTesting();,if (CompilationUnitBuilder != null ) CompilationUnitBuilder customMutatorType = CompilationUnitBuilder.forTesting();
MultisetMutateMethodTest.java,CompilationUnitBuilder customMutatorType = CompilationUnitBuilder.forTesting();,if (CompilationUnitBuilder != null ) CompilationUnitBuilder customMutatorType = CompilationUnitBuilder.forTesting();
OptionalMapperMethodTest.java,CompilationUnitBuilder customMutatorType = CompilationUnitBuilder.forTesting();,if (CompilationUnitBuilder != null ) CompilationUnitBuilder customMutatorType = CompilationUnitBuilder.forTesting();
OptionalMapperMethodTest.java,CompilationUnitBuilder customMutatorType = CompilationUnitBuilder.forTesting();,if (CompilationUnitBuilder != null ) CompilationUnitBuilder customMutatorType = CompilationUnitBuilder.forTesting();
RequiredMapperMethodTest.java,CompilationUnitBuilder customMapperType = CompilationUnitBuilder.forTesting();,if (CompilationUnitBuilder != null ) CompilationUnitBuilder customMapperType = CompilationUnitBuilder.forTesting();
RequiredMapperMethodTest.java,CompilationUnitBuilder customMapperType = CompilationUnitBuilder.forTesting();,if (CompilationUnitBuilder != null ) CompilationUnitBuilder customMapperType = CompilationUnitBuilder.forTesting();
RequiredMapperMethodTest.java,CompilationUnitBuilder customMapperType = CompilationUnitBuilder.forTesting();,if (CompilationUnitBuilder != null ) CompilationUnitBuilder customMapperType = CompilationUnitBuilder.forTesting();
SetMultimapMutateMethodTest.java,CompilationUnitBuilder customMutatorType = CompilationUnitBuilder.forTesting();,if (CompilationUnitBuilder != null ) CompilationUnitBuilder customMutatorType = CompilationUnitBuilder.forTesting();
SetMutateMethodTest.java,CompilationUnitBuilder customMutatorType = CompilationUnitBuilder.forTesting();,if (CompilationUnitBuilder != null ) CompilationUnitBuilder customMutatorType = CompilationUnitBuilder.forTesting();
BuildablePropertyTest.java,String defaultsTypeCode = defaultsType.getCharContent(true).toString();,if (defaultsType != null ) String defaultsTypeCode = defaultsType.getCharContent(true).toString();
DefaultedMapperMethodTest.java,this.dataType = dataType.build();,if (dataType != null ) this.dataType = dataType.build();
ListMultimapMutateMethodTest.java,this.dataType = dataType.build();,if (dataType != null ) this.dataType = dataType.build();
ListMutateMethodTest.java,String defaultsTypeCode = listPropertyType.getCharContent(true).toString();,if (listPropertyType != null ) String defaultsTypeCode = listPropertyType.getCharContent(true).toString();
ListMutateMethodTest.java,String defaultsTypeCode = genericType.getCharContent(true).toString();,if (genericType != null ) String defaultsTypeCode = genericType.getCharContent(true).toString();
MultisetMutateMethodTest.java,this.dataType = dataType.build();,if (dataType != null ) this.dataType = dataType.build();
OptionalMapperMethodTest.java,this.dataType = dataType.build();,if (dataType != null ) this.dataType = dataType.build();
RequiredMapperMethodTest.java,this.dataType = dataType.build();,if (dataType != null ) this.dataType = dataType.build();
SetMultimapMutateMethodTest.java,this.dataType = dataType.build();,if (dataType != null ) this.dataType = dataType.build();
SourceBuilder.java,String source = code.toString();,if (code != null ) String source = code.toString();
GeneratedTypeSubject.java,TypeElement parent = classType(visibleType.enclosingType());,if (classType(visibleType != null ) TypeElement parent = classType(visibleType.enclosingType());
CompilationUnitBuilderTest.java,ProcessingEnvironment environment = Mockito.spy(model.environment());,if (Mockito != null ) ProcessingEnvironment environment = Mockito.spy(model.environment());
CompilationUnitBuilder.java,scopeHandler = new ScopeHandler(env.getElementUtils());,if (ScopeHandler(env != null ) scopeHandler = new ScopeHandler(env.getElementUtils());
ScopeHandler.java,TypeElement scopeElement = elements.getTypeElement(scope.toString());,if (elements != null ) TypeElement scopeElement = elements.getTypeElement(scope.toString());
ScopeHandler.java,TypeElement element = elements.getTypeElement(type.toString());,if (elements != null ) TypeElement element = elements.getTypeElement(type.toString());
ScopeHandler.java,Set<Modifier> modifiers = element.getModifiers();,if (element != null ) Set<Modifier> modifiers = element.getModifiers();
ScopeHandlerTests.java,handler = new ScopeHandler(model.elementUtils());,if (ScopeHandler(model != null ) handler = new ScopeHandler(model.elementUtils());
ImportManager.java,i = usage.end();,if (usage != null ) i = usage.end();
Datatype_Builder.java,visibleNestedTypes = ImmutableSet.of();,if (ImmutableSet != null ) visibleNestedTypes = ImmutableSet.of();
Datatype_Builder.java,visibleNestedTypes = ImmutableSet.copyOf(value.getVisibleNestedTypes());,if (ImmutableSet != null ) visibleNestedTypes = ImmutableSet.copyOf(value.getVisibleNestedTypes());
GwtSupport.java,QualifiedName builderName = datatype.getGeneratedBuilder().getQualifiedName();,if (datatype != null ) QualifiedName builderName = datatype.getGeneratedBuilder().getQualifiedName();
ImportManager.java,QualifiedName existingType = imports.get(type.getSimpleName());,if (imports != null ) QualifiedName existingType = imports.get(type.getSimpleName());
ScopeAwareTypeShortener.java,this.pkg = scope.getPackage();,if (scope != null ) this.pkg = scope.getPackage();
LazyName.java,"Declaration declaration = declare(this, code.scope());","if (code != null ) Declaration declaration = declare(this, code.scope());"
AbstractSourceBuilder.java,offset = matcher.end();,if (matcher != null ) offset = matcher.end();
PreconditionExcerpts.java,SourceStringBuilder subBuilder = code.subBuilder();,if (code != null ) SourceStringBuilder subBuilder = code.subBuilder();
PreconditionExcerpts.java,String conditionText = subBuilder.toString();,if (subBuilder != null ) String conditionText = subBuilder.toString();
GwtSupport.java,TypeMirrorExcerpt propertyType = new TypeMirrorExcerpt(property.getType());,if (TypeMirrorExcerpt(property != null ) TypeMirrorExcerpt propertyType = new TypeMirrorExcerpt(property.getType());
DefaultProperty.java,"Block body = methodBody(code, property.getName());","if (property != null ) Block body = methodBody(code, property.getName());"
NullableProperty.java,Variable temporary = new Variable(property.getName());,if (Variable(property != null ) Variable temporary = new Variable(property.getName());
OptionalProperty.java,"Block body = methodBody(code, property.getName());","if (property != null ) Block body = methodBody(code, property.getName());"
Block.java,body = parent.subBuilder();,if (parent != null ) body = parent.subBuilder();
Block.java,Scope methodScope = new Scope.MethodScope(parent.scope());,if (Scope != null ) Scope methodScope = new Scope.MethodScope(parent.scope());
GwtSupport.java,Variable temporary = new Variable(property.getName());,if (Variable(property != null ) Variable temporary = new Variable(property.getName());
GwtSupport.java,Block tryBlock = body.innerBlock();,if (body != null ) Block tryBlock = body.innerBlock();
BuildableProperty.java,Optional<BuilderFactory> builderFactory = BuilderFactory.from(builder.get());,if (BuilderFactory != null ) Optional<BuilderFactory> builderFactory = BuilderFactory.from(builder.get());
BuildableProperty.java,suppressUnchecked = Excerpts.empty();,if (Excerpts != null ) suppressUnchecked = Excerpts.empty();
BuildableProperty.java,boolean declaresNoExceptions = element.getThrownTypes().isEmpty();,if (element != null ) boolean declaresNoExceptions = element.getThrownTypes().isEmpty();
GenericElementTest.java,TypeElement foobarElement = maybeAsTypeElement(foobar).get();,if (maybeAsTypeElement(foobar) != null ) TypeElement foobarElement = maybeAsTypeElement(foobar).get();
GeneratedBuilder.java,BuilderFactory builderFactory = datatype.getBuilderFactory().orNull();,if (datatype != null ) BuilderFactory builderFactory = datatype.getBuilderFactory().orNull();
GeneratedBuilder.java,BuilderFactory builderFactory = datatype.getBuilderFactory().orNull();,if (datatype != null ) BuilderFactory builderFactory = datatype.getBuilderFactory().orNull();
ListMultimapProperty.java,DeclaredType type = maybeDeclared(property.getType()).orNull();,if (maybeDeclared(property != null ) DeclaredType type = maybeDeclared(property.getType()).orNull();
MapProperty.java,DeclaredType type = maybeDeclared(property.getType()).orNull();,if (maybeDeclared(property != null ) DeclaredType type = maybeDeclared(property.getType()).orNull();
OptionalProperty.java,DeclaredType type = maybeDeclared(property.getType()).orNull();,if (maybeDeclared(property != null ) DeclaredType type = maybeDeclared(property.getType()).orNull();
OptionalProperty.java,OptionalType optionalType = maybeOptional(type).orNull();,if (maybeOptional(type) != null ) OptionalType optionalType = maybeOptional(type).orNull();
SetMultimapProperty.java,DeclaredType type = maybeDeclared(property.getType()).orNull();,if (maybeDeclared(property != null ) DeclaredType type = maybeDeclared(property.getType()).orNull();
ToStringGenerator.java,Initially initially = generator.initialState();,if (generator != null ) Initially initially = generator.initialState();
ToStringGenerator.java,Property last = Iterables.getLast(generatorsByProperty.keySet());,if (Iterables != null ) Property last = Iterables.getLast(generatorsByProperty.keySet());
FunctionalType.java,DeclaredType declaredType = maybeDeclared(type).orNull();,if (maybeDeclared(type) != null ) DeclaredType declaredType = maybeDeclared(type).orNull();
ScopeAwareTypeShortener.java,result = importManager.lookup(shortenedType).orNull();,if (importManager != null ) result = importManager.lookup(shortenedType).orNull();
ScopeAwareTypeShortener.java,QualifiedName qualifiedSupertype = lookup(supertype).orNull();,if (lookup(supertype) != null ) QualifiedName qualifiedSupertype = lookup(supertype).orNull();
SetType.java,int[] sortedExamples = examples.clone();,if (examples != null ) int[] sortedExamples = examples.clone();
SourceLevel.java,int sourceVersion = env.getSourceVersion().ordinal();,if (env != null ) int sourceVersion = env.getSourceVersion().ordinal();
ImportManager.java,String pkg = type.getPackage();,if (type != null ) String pkg = type.getPackage();
CompilationUnitBuilder.java,ImportManager.Builder importManagerBuilder = new ImportManager.Builder();,if (ImportManager != null ) ImportManager.Builder importManagerBuilder = new ImportManager.Builder();
CompilationUnitBuilder.java,importManager = importManagerBuilder.build();,if (importManagerBuilder != null ) importManager = importManagerBuilder.build();
ImportManagerTest.java,ImportManager manager = new ImportManager.Builder().build();,if (ImportManager != null ) ImportManager manager = new ImportManager.Builder().build();
ScopeAwareTypeShortener.java,result = delegate.lookup(shortenedType).orNull();,if (delegate != null ) result = delegate.lookup(shortenedType).orNull();
ImportManager.java,PackageElement pkg = (PackageElement) type.getEnclosingElement();,if (type != null ) PackageElement pkg = (PackageElement) type.getEnclosingElement();
ImportManager.java,Name name = type.getSimpleName();,if (type != null ) Name name = type.getSimpleName();
ImportManagerTest.java,model = Model.create();,if (Model != null ) model = Model.create();
ImportManagerTest.java,ImportManager manager = new ImportManager.Builder().build();,if (ImportManager != null ) ImportManager manager = new ImportManager.Builder().build();
ImportManagerTest.java,ImportManager manager = new ImportManager.Builder().build();,if (ImportManager != null ) ImportManager manager = new ImportManager.Builder().build();
ImportManagerTest.java,ImportManager manager = new ImportManager.Builder().build();,if (ImportManager != null ) ImportManager manager = new ImportManager.Builder().build();
ImportManagerTest.java,ImportManager manager = new ImportManager.Builder().build();,if (ImportManager != null ) ImportManager manager = new ImportManager.Builder().build();
ImportManagerTest.java,ImportManager manager = new ImportManager.Builder().build();,if (ImportManager != null ) ImportManager manager = new ImportManager.Builder().build();
CompilationUnitBuilder.java,ScopeHandler scopeHandler = new ScopeHandler(env.getElementUtils());,if (ScopeHandler(env != null ) ScopeHandler scopeHandler = new ScopeHandler(env.getElementUtils());
SourceStringBuilder.java,offset = matcher.end();,if (matcher != null ) offset = matcher.end();
QualifiedName.java,PackageElement pkg = (PackageElement) type.getEnclosingElement();,if (type != null ) PackageElement pkg = (PackageElement) type.getEnclosingElement();
GeneratedBuilder.java,BuilderFactory builderFactory = datatype.getBuilderFactory().orNull();,if (datatype != null ) BuilderFactory builderFactory = datatype.getBuilderFactory().orNull();
GeneratedBuilder.java,FieldAccessList fields = getFields(generatorsByProperty.keySet());,if (getFields(generatorsByProperty != null ) FieldAccessList fields = getFields(generatorsByProperty.keySet());
GeneratedBuilder.java,FieldAccessList fields = getFields(generatorsByProperty.keySet());,if (getFields(generatorsByProperty != null ) FieldAccessList fields = getFields(generatorsByProperty.keySet());
ToStringGenerator.java,Type type = generator.getType();,if (generator != null ) Type type = generator.getType();
GeneratedBuilder.java,PropertyCodeGenerator codeGenerator = property.getCodeGenerator();,if (property != null ) PropertyCodeGenerator codeGenerator = property.getCodeGenerator();
ToStringGenerator.java,Type type = property.getCodeGenerator().getType();,if (property != null ) Type type = property.getCodeGenerator().getType();
AnalyserTest.java,Property property = getOnlyElement(builder.getProperties());,if (getOnlyElement(builder != null ) Property property = getOnlyElement(builder.getProperties());
AnalyserTest.java,Property property = getOnlyElement(builder.getProperties());,if (getOnlyElement(builder != null ) Property property = getOnlyElement(builder.getProperties());
AnalyserTest.java,Property property = getOnlyElement(builder.getProperties());,if (getOnlyElement(builder != null ) Property property = getOnlyElement(builder.getProperties());
AnalyserTest.java,Property property = getOnlyElement(builder.getProperties());,if (getOnlyElement(builder != null ) Property property = getOnlyElement(builder.getProperties());
AnalyserTest.java,Property property = getOnlyElement(builder.getProperties());,if (getOnlyElement(builder != null ) Property property = getOnlyElement(builder.getProperties());
AnalyserTest.java,Property property = getOnlyElement(builder.getProperties());,if (getOnlyElement(builder != null ) Property property = getOnlyElement(builder.getProperties());
AnalyserTest.java,Property property = getOnlyElement(builder.getProperties());,if (getOnlyElement(builder != null ) Property property = getOnlyElement(builder.getProperties());
JacksonSupportTest.java,Property property = getOnlyElement(builder.getProperties());,if (getOnlyElement(builder != null ) Property property = getOnlyElement(builder.getProperties());
JacksonSupportTest.java,Property property = getOnlyElement(builder.getProperties());,if (getOnlyElement(builder != null ) Property property = getOnlyElement(builder.getProperties());
JacksonSupportTest.java,Property property = getOnlyElement(builder.getProperties());,if (getOnlyElement(builder != null ) Property property = getOnlyElement(builder.getProperties());
JacksonSupportTest.java,Property property = getOnlyElement(builder.getProperties());,if (getOnlyElement(builder != null ) Property property = getOnlyElement(builder.getProperties());
JacksonSupportTest.java,Property property = getOnlyElement(builder.getProperties());,if (getOnlyElement(builder != null ) Property property = getOnlyElement(builder.getProperties());
Datatype_Builder.java,properties = ImmutableList.of();,if (ImmutableList != null ) properties = ImmutableList.of();
Datatype_Builder.java,properties = ImmutableList.copyOf(value.getProperties());,if (ImmutableList != null ) properties = ImmutableList.copyOf(value.getProperties());
GeneratedBuilder.java,FieldAccessList properties = getFields(datatype.getProperties());,if (getFields(datatype != null ) FieldAccessList properties = getFields(datatype.getProperties());
GeneratedBuilder.java,FieldAccessList properties = getFields(datatype.getProperties());,if (getFields(datatype != null ) FieldAccessList properties = getFields(datatype.getProperties());
ToStringGenerator.java,Property last = Iterables.getLast(datatype.getProperties());,if (Iterables != null ) Property last = Iterables.getLast(datatype.getProperties());
AnalyserTest.java,Property property = getOnlyElement(builder.getDatatype().getProperties());,if (getOnlyElement(builder != null ) Property property = getOnlyElement(builder.getDatatype().getProperties());
AnalyserTest.java,Property property = getOnlyElement(builder.getDatatype().getProperties());,if (getOnlyElement(builder != null ) Property property = getOnlyElement(builder.getDatatype().getProperties());
AnalyserTest.java,Property property = getOnlyElement(builder.getDatatype().getProperties());,if (getOnlyElement(builder != null ) Property property = getOnlyElement(builder.getDatatype().getProperties());
AnalyserTest.java,Property property = getOnlyElement(builder.getDatatype().getProperties());,if (getOnlyElement(builder != null ) Property property = getOnlyElement(builder.getDatatype().getProperties());
AnalyserTest.java,Property property = getOnlyElement(builder.getDatatype().getProperties());,if (getOnlyElement(builder != null ) Property property = getOnlyElement(builder.getDatatype().getProperties());
AnalyserTest.java,Property property = getOnlyElement(builder.getDatatype().getProperties());,if (getOnlyElement(builder != null ) Property property = getOnlyElement(builder.getDatatype().getProperties());
AnalyserTest.java,Property property = getOnlyElement(builder.getDatatype().getProperties());,if (getOnlyElement(builder != null ) Property property = getOnlyElement(builder.getDatatype().getProperties());
JacksonSupportTest.java,Property property = getOnlyElement(builder.getDatatype().getProperties());,if (getOnlyElement(builder != null ) Property property = getOnlyElement(builder.getDatatype().getProperties());
JacksonSupportTest.java,Property property = getOnlyElement(builder.getDatatype().getProperties());,if (getOnlyElement(builder != null ) Property property = getOnlyElement(builder.getDatatype().getProperties());
JacksonSupportTest.java,Property property = getOnlyElement(builder.getDatatype().getProperties());,if (getOnlyElement(builder != null ) Property property = getOnlyElement(builder.getDatatype().getProperties());
JacksonSupportTest.java,Property property = getOnlyElement(builder.getDatatype().getProperties());,if (getOnlyElement(builder != null ) Property property = getOnlyElement(builder.getDatatype().getProperties());
JacksonSupportTest.java,Property property = getOnlyElement(builder.getDatatype().getProperties());,if (getOnlyElement(builder != null ) Property property = getOnlyElement(builder.getDatatype().getProperties());
Analyser.java,Metadata baseMetadata = metadataBuilder.build();,if (metadataBuilder != null ) Metadata baseMetadata = metadataBuilder.build();
Datatype.java,Metadata metadata = super.build();,if (super != null ) Metadata metadata = super.build();
Datatype.java,QualifiedName generatedBuilder = metadata.getGeneratedBuilder().getQualifiedName();,if (metadata != null ) QualifiedName generatedBuilder = metadata.getGeneratedBuilder().getQualifiedName();
GeneratedBuilder.java,BuilderFactory builderFactory = metadata.getBuilderFactory().orNull();,if (metadata != null ) BuilderFactory builderFactory = metadata.getBuilderFactory().orNull();
GeneratedBuilder.java,BuilderFactory builderFactory = metadata.getBuilderFactory().orNull();,if (metadata != null ) BuilderFactory builderFactory = metadata.getBuilderFactory().orNull();
GeneratedBuilder.java,FieldAccessList properties = getFields(metadata.getProperties());,if (getFields(metadata != null ) FieldAccessList properties = getFields(metadata.getProperties());
GeneratedBuilder.java,FieldAccessList properties = getFields(metadata.getProperties());,if (getFields(metadata != null ) FieldAccessList properties = getFields(metadata.getProperties());
GwtSupport.java,Metadata.Builder extraMetadata = new Metadata.Builder();,if (Metadata != null ) Metadata.Builder extraMetadata = new Metadata.Builder();
GwtSupport.java,QualifiedName builderName = metadata.getGeneratedBuilder().getQualifiedName();,if (metadata != null ) QualifiedName builderName = metadata.getGeneratedBuilder().getQualifiedName();
ToStringGenerator.java,Property last = Iterables.getLast(metadata.getProperties());,if (Iterables != null ) Property last = Iterables.getLast(metadata.getProperties());
AnalyserTest.java,Property property = getOnlyElement(builder.getMetadata().getProperties());,if (getOnlyElement(builder != null ) Property property = getOnlyElement(builder.getMetadata().getProperties());
AnalyserTest.java,Property property = getOnlyElement(builder.getMetadata().getProperties());,if (getOnlyElement(builder != null ) Property property = getOnlyElement(builder.getMetadata().getProperties());
AnalyserTest.java,Property property = getOnlyElement(builder.getMetadata().getProperties());,if (getOnlyElement(builder != null ) Property property = getOnlyElement(builder.getMetadata().getProperties());
AnalyserTest.java,Property property = getOnlyElement(builder.getMetadata().getProperties());,if (getOnlyElement(builder != null ) Property property = getOnlyElement(builder.getMetadata().getProperties());
AnalyserTest.java,Property property = getOnlyElement(builder.getMetadata().getProperties());,if (getOnlyElement(builder != null ) Property property = getOnlyElement(builder.getMetadata().getProperties());
AnalyserTest.java,Property property = getOnlyElement(builder.getMetadata().getProperties());,if (getOnlyElement(builder != null ) Property property = getOnlyElement(builder.getMetadata().getProperties());
AnalyserTest.java,Property property = getOnlyElement(builder.getMetadata().getProperties());,if (getOnlyElement(builder != null ) Property property = getOnlyElement(builder.getMetadata().getProperties());
JacksonSupportTest.java,Property property = getOnlyElement(builder.getMetadata().getProperties());,if (getOnlyElement(builder != null ) Property property = getOnlyElement(builder.getMetadata().getProperties());
JacksonSupportTest.java,Property property = getOnlyElement(builder.getMetadata().getProperties());,if (getOnlyElement(builder != null ) Property property = getOnlyElement(builder.getMetadata().getProperties());
JacksonSupportTest.java,Property property = getOnlyElement(builder.getMetadata().getProperties());,if (getOnlyElement(builder != null ) Property property = getOnlyElement(builder.getMetadata().getProperties());
JacksonSupportTest.java,Property property = getOnlyElement(builder.getMetadata().getProperties());,if (getOnlyElement(builder != null ) Property property = getOnlyElement(builder.getMetadata().getProperties());
JacksonSupportTest.java,Property property = getOnlyElement(builder.getMetadata().getProperties());,if (getOnlyElement(builder != null ) Property property = getOnlyElement(builder.getMetadata().getProperties());
ToStringGeneratorTest.java,SourceBuilder sourceBuilder = SourceStringBuilder.simple();,if (SourceStringBuilder != null ) SourceBuilder sourceBuilder = SourceStringBuilder.simple();
ToStringGeneratorTest.java,SourceBuilder sourceBuilder = SourceStringBuilder.simple();,if (SourceStringBuilder != null ) SourceBuilder sourceBuilder = SourceStringBuilder.simple();
Analyser.java,TypeElement builderElement = ModelUtils.asElement(builder.get());,if (ModelUtils != null ) TypeElement builderElement = ModelUtils.asElement(builder.get());
AnalyserTest.java,Property property = getOnlyElement(dataType.getProperties());,if (getOnlyElement(dataType != null ) Property property = getOnlyElement(dataType.getProperties());
AnalyserTest.java,Property property = getOnlyElement(dataType.getProperties());,if (getOnlyElement(dataType != null ) Property property = getOnlyElement(dataType.getProperties());
AnalyserTest.java,Property property = getOnlyElement(dataType.getProperties());,if (getOnlyElement(dataType != null ) Property property = getOnlyElement(dataType.getProperties());
AnalyserTest.java,Property property = getOnlyElement(dataType.getProperties());,if (getOnlyElement(dataType != null ) Property property = getOnlyElement(dataType.getProperties());
AnalyserTest.java,Property property = getOnlyElement(dataType.getProperties());,if (getOnlyElement(dataType != null ) Property property = getOnlyElement(dataType.getProperties());
AnalyserTest.java,Property property = getOnlyElement(dataType.getProperties());,if (getOnlyElement(dataType != null ) Property property = getOnlyElement(dataType.getProperties());
AnalyserTest.java,Property property = getOnlyElement(dataType.getProperties());,if (getOnlyElement(dataType != null ) Property property = getOnlyElement(dataType.getProperties());
JacksonSupportTest.java,Property property = getOnlyElement(metadata.getProperties());,if (getOnlyElement(metadata != null ) Property property = getOnlyElement(metadata.getProperties());
JacksonSupportTest.java,Property property = getOnlyElement(metadata.getProperties());,if (getOnlyElement(metadata != null ) Property property = getOnlyElement(metadata.getProperties());
JacksonSupportTest.java,Property property = getOnlyElement(metadata.getProperties());,if (getOnlyElement(metadata != null ) Property property = getOnlyElement(metadata.getProperties());
JacksonSupportTest.java,Property property = getOnlyElement(metadata.getProperties());,if (getOnlyElement(metadata != null ) Property property = getOnlyElement(metadata.getProperties());
JacksonSupportTest.java,Property property = getOnlyElement(metadata.getProperties());,if (getOnlyElement(metadata != null ) Property property = getOnlyElement(metadata.getProperties());
Block.java,declarationsBlock = parent.subBuilder();,if (parent != null ) declarationsBlock = parent.subBuilder();
Block.java,body = parent.subBuilder();,if (parent != null ) body = parent.subBuilder();
CodeGenerator.java,Property property = getOnlyElement(metadata.getProperties());,if (getOnlyElement(metadata != null ) Property property = getOnlyElement(metadata.getProperties());
CodeGenerator.java,Property lastProperty = getLast(metadata.getProperties());,if (getLast(metadata != null ) Property lastProperty = getLast(metadata.getProperties());
CodeGenerator.java,Property lastProperty = getLast(metadata.getProperties());,if (getLast(metadata != null ) Property lastProperty = getLast(metadata.getProperties());
CodeGenerator.java,Property last = Iterables.getLast(metadata.getProperties());,if (Iterables != null ) Property last = Iterables.getLast(metadata.getProperties());
CodeGenerator.java,Property property = getOnlyElement(metadata.getProperties());,if (getOnlyElement(metadata != null ) Property property = getOnlyElement(metadata.getProperties());
CodeGenerator.java,Property lastProperty = getLast(metadata.getProperties());,if (getLast(metadata != null ) Property lastProperty = getLast(metadata.getProperties());
ListMutateMethodTest.java,List<ElementFactory> elements = Arrays.asList(ElementFactory.values());,if (Arrays != null ) List<ElementFactory> elements = Arrays.asList(ElementFactory.values());
ListPropertyTest.java,List<ElementFactory> elements = Arrays.asList(ElementFactory.values());,if (Arrays != null ) List<ElementFactory> elements = Arrays.asList(ElementFactory.values());
MapMutateMethodTest.java,List<ElementFactory> elements = Arrays.asList(ElementFactory.values());,if (Arrays != null ) List<ElementFactory> elements = Arrays.asList(ElementFactory.values());
MapPropertyTest.java,List<ElementFactory> elements = Arrays.asList(ElementFactory.values());,if (Arrays != null ) List<ElementFactory> elements = Arrays.asList(ElementFactory.values());
MultisetMutateMethodTest.java,List<ElementFactory> elements = Arrays.asList(ElementFactory.values());,if (Arrays != null ) List<ElementFactory> elements = Arrays.asList(ElementFactory.values());
MultisetPropertyTest.java,List<ElementFactory> elements = Arrays.asList(ElementFactory.values());,if (Arrays != null ) List<ElementFactory> elements = Arrays.asList(ElementFactory.values());
SetMutateMethodTest.java,List<ElementFactory> elements = Arrays.asList(ElementFactory.values());,if (Arrays != null ) List<ElementFactory> elements = Arrays.asList(ElementFactory.values());
SetPropertyTest.java,List<ElementFactory> elements = Arrays.asList(ElementFactory.values());,if (Arrays != null ) List<ElementFactory> elements = Arrays.asList(ElementFactory.values());
ListProperty.java,TypeElement arrayListType = elements.getTypeElement(List.class.getName());,if (elements != null ) TypeElement arrayListType = elements.getTypeElement(List.class.getName());
NullableProperty.java,"TypeMirror typeParam = firstNonNull(property.getBoxedType(), property.getType());","if (property != null ) TypeMirror typeParam = firstNonNull(property.getBoxedType(), property.getType());"
DefaultProperty.java,"TypeMirror typeParam = firstNonNull(property.getBoxedType(), property.getType());","if (property != null ) TypeMirror typeParam = firstNonNull(property.getBoxedType(), property.getType());"
Analyser.java,Optional<TypeElement> returnType = ModelUtils.maybeAsTypeElement(method.getReturnType());,if (ModelUtils != null ) Optional<TypeElement> returnType = ModelUtils.maybeAsTypeElement(method.getReturnType());
ImportManager.java,Name name = mirror.asElement().getSimpleName();,if (mirror != null ) Name name = mirror.asElement().getSimpleName();
ImportManager.java,Element enclosingElement = mirror.asElement().getEnclosingElement();,if (mirror != null ) Element enclosingElement = mirror.asElement().getEnclosingElement();
TypeShortener.java,Name name = mirror.asElement().getSimpleName();,if (mirror != null ) Name name = mirror.asElement().getSimpleName();
TypeShortener.java,Name name = mirror.asElement().getSimpleName();,if (mirror != null ) Name name = mirror.asElement().getSimpleName();
JacksonSupportTest.java,Excerpt accessorAnnotation = getOnlyElement(property.getAccessorAnnotations());,if (getOnlyElement(property != null ) Excerpt accessorAnnotation = getOnlyElement(property.getAccessorAnnotations());
CodeGenerator.java,BuilderFactory builderFactory = metadata.getBuilderFactory().orNull();,if (metadata != null ) BuilderFactory builderFactory = metadata.getBuilderFactory().orNull();
SetMutateMethodTest.java,List<TestConvention> conventions = Arrays.asList(TestConvention.values());,if (Arrays != null ) List<TestConvention> conventions = Arrays.asList(TestConvention.values());
SingleBehaviorTester.java,this.allowedPackages = allowedPackages.build();,if (allowedPackages != null ) this.allowedPackages = allowedPackages.build();
SetPropertyTest.java,List<TestConvention> conventions = Arrays.asList(TestConvention.values());,if (Arrays != null ) List<TestConvention> conventions = Arrays.asList(TestConvention.values());
BuildableProperty.java,String propertyName = property.getName();,if (property != null ) String propertyName = property.getName();
BuildableProperty.java,String propertyName = property.getName();,if (property != null ) String propertyName = property.getName();
CodeGenerator.java,List<String> namesList = getNames(metadata.getProperties());,if (getNames(metadata != null ) List<String> namesList = getNames(metadata.getProperties());
SortedSetPropertyFactory.java,"Optional<TypeMirror> unboxedType = maybeUnbox(elementType, config.getTypes());","if (config != null ) Optional<TypeMirror> unboxedType = maybeUnbox(elementType, config.getTypes());"
SetPropertyFactory.java,"Optional<TypeMirror> unboxedType = maybeUnbox(elementType, config.getTypes());","if (config != null ) Optional<TypeMirror> unboxedType = maybeUnbox(elementType, config.getTypes());"
SetMultimapPropertyFactory.java,"Optional<TypeMirror> unboxedKeyType = maybeUnbox(keyType, config.getTypes());","if (config != null ) Optional<TypeMirror> unboxedKeyType = maybeUnbox(keyType, config.getTypes());"
SetMultimapPropertyFactory.java,"Optional<TypeMirror> unboxedValueType = maybeUnbox(valueType, config.getTypes());","if (config != null ) Optional<TypeMirror> unboxedValueType = maybeUnbox(valueType, config.getTypes());"
OptionalPropertyFactory.java,OptionalType optionalType = maybeOptional(type).orNull();,if (maybeOptional(type) != null ) OptionalType optionalType = maybeOptional(type).orNull();
OptionalPropertyFactory.java,"Optional<TypeMirror> unboxedType = maybeUnbox(elementType, config.getTypes());","if (config != null ) Optional<TypeMirror> unboxedType = maybeUnbox(elementType, config.getTypes());"
NullablePropertyFactory.java,Property property = config.getProperty();,if (config != null ) Property property = config.getProperty();
NullablePropertyFactory.java,Set<TypeElement> nullableAnnotations = nullablesIn(config.getAnnotations());,if (nullablesIn(config != null ) Set<TypeElement> nullableAnnotations = nullablesIn(config.getAnnotations());
NullablePropertyFactory.java,"TypeMirror typeParam = firstNonNull(property.getBoxedType(), property.getType());","if (property != null ) TypeMirror typeParam = firstNonNull(property.getBoxedType(), property.getType());"
MultisetPropertyFactory.java,"Optional<TypeMirror> unboxedType = maybeUnbox(elementType, config.getTypes());","if (config != null ) Optional<TypeMirror> unboxedType = maybeUnbox(elementType, config.getTypes());"
MapPropertyFactory.java,"Optional<TypeMirror> unboxedKeyType = maybeUnbox(keyType, config.getTypes());","if (config != null ) Optional<TypeMirror> unboxedKeyType = maybeUnbox(keyType, config.getTypes());"
MapPropertyFactory.java,"Optional<TypeMirror> unboxedValueType = maybeUnbox(valueType, config.getTypes());","if (config != null ) Optional<TypeMirror> unboxedValueType = maybeUnbox(valueType, config.getTypes());"
ListPropertyFactory.java,"Optional<TypeMirror> unboxedType = maybeUnbox(elementType, config.getTypes());","if (config != null ) Optional<TypeMirror> unboxedType = maybeUnbox(elementType, config.getTypes());"
ListMultimapPropertyFactory.java,"Optional<TypeMirror> unboxedKeyType = maybeUnbox(keyType, config.getTypes());","if (config != null ) Optional<TypeMirror> unboxedKeyType = maybeUnbox(keyType, config.getTypes());"
ListMultimapPropertyFactory.java,"Optional<TypeMirror> unboxedValueType = maybeUnbox(valueType, config.getTypes());","if (config != null ) Optional<TypeMirror> unboxedValueType = maybeUnbox(valueType, config.getTypes());"
DefaultPropertyFactory.java,Property property = config.getProperty();,if (config != null ) Property property = config.getProperty();
DefaultPropertyFactory.java,this.kind = property.getType().getKind();,if (property != null ) this.kind = property.getType().getKind();
DefaultPropertyFactory.java,"TypeMirror typeParam = firstNonNull(property.getBoxedType(), property.getType());","if (property != null ) TypeMirror typeParam = firstNonNull(property.getBoxedType(), property.getType());"
BuildablePropertyFactory.java,Optional<BuilderFactory> builderFactory = BuilderFactory.from(builder.get());,if (BuilderFactory != null ) Optional<BuilderFactory> builderFactory = BuilderFactory.from(builder.get());
BuildablePropertyFactory.java,String propertyName = property.getName();,if (property != null ) String propertyName = property.getName();
BuildablePropertyFactory.java,String propertyName = property.getName();,if (property != null ) String propertyName = property.getName();
BuildablePropertyFactory.java,boolean declaresNoExceptions = element.getThrownTypes().isEmpty();,if (element != null ) boolean declaresNoExceptions = element.getThrownTypes().isEmpty();
SharedBehaviorTesting.java,tester = BehaviorTester.create();,if (BehaviorTester != null ) tester = BehaviorTester.create();
SharedBehaviorTesting.java,subject = tester.compiles();,if (tester != null ) subject = tester.compiles();
SharedBehaviorTesting.java,CompilationSubject assertCompiled = compilation.compiles();,if (compilation != null ) CompilationSubject assertCompiled = compilation.compiles();
Analyser.java,Set<Modifier> modifiers = method.getModifiers();,if (method != null ) Set<Modifier> modifiers = method.getModifiers();
Analyser.java,String name = method.getSimpleName().toString();,if (method != null ) String name = method.getSimpleName().toString();
BehaviorTestRunner.java,testerField = frameworkField.getField();,if (frameworkField != null ) testerField = frameworkField.getField();
BehaviorTestRunner.java,Description originalDescription = super.getDescription();,if (super != null ) Description originalDescription = super.getDescription();
BehaviorTestRunner.java,Description suiteDescription = originalDescription.childlessCopy();,if (originalDescription != null ) Description suiteDescription = originalDescription.childlessCopy();
BehaviorTestRunner.java,SharedCompiler sharedCompiler = sharedCompilers.remove();,if (sharedCompilers != null ) SharedCompiler sharedCompiler = sharedCompilers.remove();
BehaviorTestRunner.java,tester = BehaviorTester.create();,if (BehaviorTester != null ) tester = BehaviorTester.create();
BehaviorTestRunner.java,Object test = super.createTest();,if (super != null ) Object test = super.createTest();
BehaviorTestRunner.java,JavaFileObject unit = compilationUnits.get(otherUnit.getName());,if (compilationUnits != null ) JavaFileObject unit = compilationUnits.get(otherUnit.getName());
BehaviorTestRunner.java,subject = tester.compiles();,if (tester != null ) subject = tester.compiles();
BehaviorTestRunner.java,CompilationSubject assertCompiled = compilation.compiles();,if (compilation != null ) CompilationSubject assertCompiled = compilation.compiles();
TempJavaFileManager.java,File[] files = file.listFiles();,if (file != null ) File[] files = file.listFiles();
BehaviorTester.java,Object testInstance = testClass.newInstance();,if (testClass != null ) Object testInstance = testClass.newInstance();
BehaviorTester.java,Method testMethod = testClass.getMethod(testFile.getMethodName());,if (testClass != null ) Method testMethod = testClass.getMethod(testFile.getMethodName());
BehaviorTester.java,boolean successful = task.call();,if (task != null ) boolean successful = task.call();
BehaviorTester.java,Method testMethod = testClass.getMethod(testSource.getMethodName());,if (testClass != null ) Method testMethod = testClass.getMethod(testSource.getMethodName());
Analyser.java,Metadata metadata = metadataBuilder.build();,if (metadataBuilder != null ) Metadata metadata = metadataBuilder.build();
Analyser.java,List<ExecutableElement> constructors = constructorsIn(builder.get().getEnclosedElements());,if (constructorsIn(builder != null ) List<ExecutableElement> constructors = constructorsIn(builder.get().getEnclosedElements());
Analyser.java,Property propertyWithoutCodeGenerator = resultBuilder.build();,if (resultBuilder != null ) Property propertyWithoutCodeGenerator = resultBuilder.build();
CodeGenerator.java,Property property = getOnlyElement(metadata.getProperties());,if (getOnlyElement(metadata != null ) Property property = getOnlyElement(metadata.getProperties());
CodeGenerator.java,Property lastProperty = getLast(metadata.getProperties());,if (getLast(metadata != null ) Property lastProperty = getLast(metadata.getProperties());
CodeGenerator.java,Property lastProperty = getLast(metadata.getProperties());,if (getLast(metadata != null ) Property lastProperty = getLast(metadata.getProperties());
CodeGenerator.java,Property lastProperty = getLast(metadata.getProperties());,if (getLast(metadata != null ) Property lastProperty = getLast(metadata.getProperties());
BuildablePropertyFactory.java,TypeMirror type = config.getProperty().getType();,if (config != null ) TypeMirror type = config.getProperty().getType();
ListMultimapPropertyFactory.java,unboxedType = Optional.absent();,if (Optional != null ) unboxedType = Optional.absent();
ListPropertyFactory.java,unboxedType = Optional.absent();,if (Optional != null ) unboxedType = Optional.absent();
MapPropertyFactory.java,unboxedType = Optional.absent();,if (Optional != null ) unboxedType = Optional.absent();
MultisetPropertyFactory.java,unboxedType = Optional.absent();,if (Optional != null ) unboxedType = Optional.absent();
OptionalPropertyFactory.java,Property property = config.getProperty();,if (config != null ) Property property = config.getProperty();
OptionalPropertyFactory.java,DeclaredType type = (DeclaredType) property.getType();,if (property != null ) DeclaredType type = (DeclaredType) property.getType();
OptionalPropertyFactory.java,unboxedType = Optional.absent();,if (Optional != null ) unboxedType = Optional.absent();
SetMultimapPropertyFactory.java,unboxedType = Optional.absent();,if (Optional != null ) unboxedType = Optional.absent();
SetPropertyFactory.java,unboxedType = Optional.absent();,if (Optional != null ) unboxedType = Optional.absent();
DefaultPropertyFactory.java,this.isNullable = !property.getNullableAnnotations().isEmpty();,if (!property != null ) this.isNullable = !property.getNullableAnnotations().isEmpty();
OptionalPropertyFactory.java,String capitalizedName = config.getProperty().getCapitalizedName();,if (config != null ) String capitalizedName = config.getProperty().getCapitalizedName();
CompilationUnitWriterTest.java,ProcessingEnvironment environment = Mockito.spy(model.environment());,if (Mockito != null ) ProcessingEnvironment environment = Mockito.spy(model.environment());
Processor.java,String name = Shading.unshadedName(ImmutableList.class.getName());,if (Shading != null ) String name = Shading.unshadedName(ImmutableList.class.getName());
CompilationUnitWriter.java,PackageElement pkg = elements.getPackageElement(classToWrite.getPackage());,if (elements != null ) PackageElement pkg = elements.getPackageElement(classToWrite.getPackage());
JacksonSupportTest.java,AnnotationMirror accessorAnnotation = getOnlyElement(property.getAccessorAnnotations());,if (getOnlyElement(property != null ) AnnotationMirror accessorAnnotation = getOnlyElement(property.getAccessorAnnotations());
Analyser.java,Name type = asElement(annotation.getAnnotationType()).getQualifiedName();,if (asElement(annotation != null ) Name type = asElement(annotation.getAnnotationType()).getQualifiedName();
AnalyserTest.java,Property property = getOnlyElement(metadata.getProperties());,if (getOnlyElement(metadata != null ) Property property = getOnlyElement(metadata.getProperties());
AnalyserTest.java,AnnotationMirror accessorAnnotation = getOnlyElement(property.getAccessorAnnotations());,if (getOnlyElement(property != null ) AnnotationMirror accessorAnnotation = getOnlyElement(property.getAccessorAnnotations());
CodeGenerator.java,String s = obj.toString();,if (obj != null ) String s = obj.toString();
CodeGenerator.java,Property property = getOnlyElement(metadata.getProperties());,if (getOnlyElement(metadata != null ) Property property = getOnlyElement(metadata.getProperties());
CodeGenerator.java,Property lastProperty = getLast(metadata.getProperties());,if (getLast(metadata != null ) Property lastProperty = getLast(metadata.getProperties());
OptionalPropertyFactory.java,unboxedType = Optional.absent();,if (Optional != null ) unboxedType = Optional.absent();
OptionalPropertyFactory.java,String capitalizedName = config.getProperty().getCapitalizedName();,if (config != null ) String capitalizedName = config.getProperty().getCapitalizedName();
GenericElement.java,"GenericElement impl = new GenericElement(qualifiedName, typeParameters.values());","if (typeParameters != null ) GenericElement impl = new GenericElement(qualifiedName, typeParameters.values());"
Metadata.java,element = element.getEnclosingElement();,if (element != null ) element = element.getEnclosingElement();
Metadata.java,QualifiedName generatedBuilder = metadata.getGeneratedBuilder();,if (metadata != null ) QualifiedName generatedBuilder = metadata.getGeneratedBuilder();
CompilationException.java,JavaFileObject source = diagnostic.getSource();,if (diagnostic != null ) JavaFileObject source = diagnostic.getSource();
CompilationException.java,long line = diagnostic.getLineNumber();,if (diagnostic != null ) long line = diagnostic.getLineNumber();
CompilationException.java,File sourceFile = new File(source.getName());,if (File(source != null ) File sourceFile = new File(source.getName());
ImportManager.java,Element parent = type.getEnclosingElement();,if (type != null ) Element parent = type.getEnclosingElement();
TypeShortener.java,Element parent = type.getEnclosingElement();,if (type != null ) Element parent = type.getEnclosingElement();
ImportManagerTest.java,ImportManager manager = new ImportManager.Builder().build();,if (ImportManager != null ) ImportManager manager = new ImportManager.Builder().build();
ImportManagerTest.java,ImportManager manager = new ImportManager.Builder().build();,if (ImportManager != null ) ImportManager manager = new ImportManager.Builder().build();
ImportManager.java,"String prefix = getPrefixForTopLevelClass(type.getPackage(), type.getTopLevelTypeSimpleName());","if (type != null ) String prefix = getPrefixForTopLevelClass(type.getPackage(), type.getTopLevelTypeSimpleName());"
QualifiedName.java,PackageElement pkg = (PackageElement) type.getEnclosingElement();,if (type != null ) PackageElement pkg = (PackageElement) type.getEnclosingElement();
Metadata.java,TypeReference generatedBuilder = metadata.getGeneratedBuilder();,if (metadata != null ) TypeReference generatedBuilder = metadata.getGeneratedBuilder();
Util.java,String name = cls.getName();,if (cls != null ) String name = cls.getName();
CodeGenerator.java,String inheritsFrom = getInheritanceKeyword(metadata.getType());,if (getInheritanceKeyword(metadata != null ) String inheritsFrom = getInheritanceKeyword(metadata.getType());
Metadata.java,this.builder = builder.orNull();,if (builder != null ) this.builder = builder.orNull();
Metadata.java,this.builderFactory = builderFactory.orNull();,if (builderFactory != null ) this.builderFactory = builderFactory.orNull();
ImpliedClassTest.java,Elements elements = model.elementUtils();,if (model != null ) Elements elements = model.elementUtils();
ImpliedClassTest.java,Elements elements = model.elementUtils();,if (model != null ) Elements elements = model.elementUtils();
ImpliedClassTest.java,Elements elements = model.elementUtils();,if (model != null ) Elements elements = model.elementUtils();
ImpliedClassTest.java,TypeElement origin = elements.getTypeElement(ImpliedClassTest.class.getCanonicalName());,if (elements != null ) TypeElement origin = elements.getTypeElement(ImpliedClassTest.class.getCanonicalName());
ImpliedClassTest.java,TypeElement origin = elements.getTypeElement(String.class.getCanonicalName());,if (elements != null ) TypeElement origin = elements.getTypeElement(String.class.getCanonicalName());
ImportManager.java,Name simpleName = type.getSimpleName();,if (type != null ) Name simpleName = type.getSimpleName();
CodeGeneratorTest.java,SourceStringBuilder sourceBuilder = SourceStringBuilder.simple();,if (SourceStringBuilder != null ) SourceStringBuilder sourceBuilder = SourceStringBuilder.simple();
CodeGeneratorTest.java,SourceStringBuilder sourceBuilder = SourceStringBuilder.simple();,if (SourceStringBuilder != null ) SourceStringBuilder sourceBuilder = SourceStringBuilder.simple();
CodeGeneratorTest.java,SourceStringBuilder sourceBuilder = SourceStringBuilder.simple();,if (SourceStringBuilder != null ) SourceStringBuilder sourceBuilder = SourceStringBuilder.simple();
CodeGeneratorTest.java,SourceStringBuilder sourceBuilder = SourceStringBuilder.simple();,if (SourceStringBuilder != null ) SourceStringBuilder sourceBuilder = SourceStringBuilder.simple();
ProcessorTest.java,Deque<Element> todo = new ArrayDeque<Element>(roundEnv.getRootElements());,if (ArrayDeque<Element>(roundEnv != null ) Deque<Element> todo = new ArrayDeque<Element>(roundEnv.getRootElements());
ProcessorTest.java,Element element = todo.pop();,if (todo != null ) Element element = todo.pop();
ProcessorTest.java,String annotationName = annotationMirror.getAnnotationType().toString();,if (annotationMirror != null ) String annotationName = annotationMirror.getAnnotationType().toString();
ProcessorTest.java,elementAnnotations = MutableClassToInstanceMap.create();,if (MutableClassToInstanceMap != null ) elementAnnotations = MutableClassToInstanceMap.create();
ProcessorTest.java,parent = parent.getEnclosingElement();,if (parent != null ) parent = parent.getEnclosingElement();
SourceWriter.java,TypeElement element = (TypeElement) mirror.asElement();,if (mirror != null ) TypeElement element = (TypeElement) mirror.asElement();
MethodElementTest.java,String source = builder.toString();,if (builder != null ) String source = builder.toString();
MethodElementTest.java,Model model = Model.create();,if (Model != null ) Model model = Model.create();
Analyser.java,String getterName = method.getSimpleName().toString();,if (method != null ) String getterName = method.getSimpleName().toString();
Analyser.java,String name = method.getSimpleName().toString();,if (method != null ) String name = method.getSimpleName().toString();
MethodElementTest.java,String source = writer.toString();,if (writer != null ) String source = writer.toString();
