Filename,Buggy/Deleted,Fixed/Added
XmlElementDeclSelector.java,String name = xmlElementDecl.name().get();,if (xmlElementDecl != null ) String name = xmlElementDecl.name().get();
XmlElementDeclSelector.java,TypeMirror scope = xmlElementDecl.scope().getValue();,if (xmlElementDecl != null ) TypeMirror scope = xmlElementDecl.scope().getValue();
MethodMatcher.java,typeArgs[i] = matchingType.getTypeMirror();,if (matchingType != null ) typeArgs[i] = matchingType.getTypeMirror();
MethodRetrievalProcessor.java,Element lElement = annotationMirror.getAnnotationType().asElement();,if (annotationMirror != null ) Element lElement = annotationMirror.getAnnotationType().asElement();
NestedPropertyMappingMethod.java,Accessor presenceChecker = entry.getPresenceChecker();,if (entry != null ) Accessor presenceChecker = entry.getPresenceChecker();
ValueProvider.java,String value = accessor.getSimpleName();,if (accessor != null ) String value = accessor.getSimpleName();
BeanMappingMethod.java,List<Type> typeParameters = sourceParameter.getType().getTypeParameters();,if (sourceParameter != null ) List<Type> typeParameters = sourceParameter.getType().getTypeParameters();
SourceReference.java,Type parameterType = parameter.getType();,if (parameter != null ) Type parameterType = parameter.getType();
SourceReference.java,TypeElement typeElement = parameterType.getTypeElement();,if (parameterType != null ) TypeElement typeElement = parameterType.getTypeElement();
SourceReference.java,TypeMirror typeMirror = valueType.getTypeMirror();,if (valueType != null ) TypeMirror typeMirror = valueType.getTypeMirror();
SourceReference.java,List<Type> typeParameters = type.getTypeParameters();,if (type != null ) List<Type> typeParameters = type.getTypeParameters();
GeneratedType.java,this.suppressGeneratorTimestamp = options.isSuppressGeneratorTimestamp();,if (options != null ) this.suppressGeneratorTimestamp = options.isSuppressGeneratorTimestamp();
DefaultCollectionImplementationTest.java,assertThat( target == result ).isTrue();,if () != null ) assertThat( target == result ).isTrue();
PropertyMapping.java,targetType = targetType.withoutBounds();,if (targetType != null ) targetType = targetType.withoutBounds();
PropertyMapping.java,BeanMappingMethod.Builder builder = new BeanMappingMethod.Builder();,if (BeanMappingMethod != null ) BeanMappingMethod.Builder builder = new BeanMappingMethod.Builder();
MapperCreationProcessor.java,this.messager = context.getMessager();,if (context != null ) this.messager = context.getMessager();
MethodRetrievalProcessor.java,Element lElement = annotationMirror.getAnnotationType().asElement();,if (annotationMirror != null ) Element lElement = annotationMirror.getAnnotationType().asElement();
ClassUtils.java,cl = Thread.currentThread().getContextClassLoader();,if (Thread != null ) cl = Thread.currentThread().getContextClassLoader();
ClassUtils.java,cl = ClassUtils.class.getClassLoader();,if (ClassUtils != null ) cl = ClassUtils.class.getClassLoader();
StringsTest.java,defaultLocale = Locale.getDefault();,if (Locale != null ) defaultLocale = Locale.getDefault();
BuiltInTest.java,originalTimeZone = TimeZone.getDefault();,if (TimeZone != null ) originalTimeZone = TimeZone.getDefault();
DatatypeFactoryTest.java,originalTimeZone = TimeZone.getDefault();,if (TimeZone != null ) originalTimeZone = TimeZone.getDefault();
DateConversionTest.java,originalLocale = Locale.getDefault();,if (Locale != null ) originalLocale = Locale.getDefault();
Java8TimeConversionTest.java,originalTimeZone = TimeZone.getDefault();,if (TimeZone != null ) originalTimeZone = TimeZone.getDefault();
JodaConversionTest.java,originalLocale = Locale.getDefault();,if (Locale != null ) originalLocale = Locale.getDefault();
NumberFormatConversionTest.java,originalLocale = Locale.getDefault();,if (Locale != null ) originalLocale = Locale.getDefault();
SpringCompileOptionConstructorMapperTest.java,originalTimeZone = TimeZone.getDefault();,if (TimeZone != null ) originalTimeZone = TimeZone.getDefault();
SpringConstructorMapperTest.java,originalTimeZone = TimeZone.getDefault();,if (TimeZone != null ) originalTimeZone = TimeZone.getDefault();
NestedMappingMethodInvocationTest.java,originalLocale = Locale.getDefault();,if (Locale != null ) originalLocale = Locale.getDefault();
SupportingMappingMethod.java,String name = ref.getVariableName();,if (ref != null ) String name = ref.getVariableName();
NestedPropertyMappingMethod.java,this.presenceCheckerName = entry.getPresenceChecker().getSimpleName();,if (entry != null ) this.presenceCheckerName = entry.getPresenceChecker().getSimpleName();
SourceReference.java,"String newFullName = deepestProperty.getFullName() + ""."" + newDeepestReadAccessorEntry.getKey();","if (newDeepestReadAccessorEntry != null ) String newFullName = deepestProperty.getFullName() + ""."" + newDeepestReadAccessorEntry.getKey();"
Type.java,this.typeVarToMatch = (TypeVariable) typeVarToMatch.getTypeMirror();,if (typeVarToMatch != null ) this.typeVarToMatch = (TypeVariable) typeVarToMatch.getTypeMirror();
MethodMatcher.java,Parameter targetTypeParameter = candidateMethod.getTargetTypeParameter();,if (candidateMethod != null ) Parameter targetTypeParameter = candidateMethod.getTargetTypeParameter();
MethodMatcher.java,Type candidateResultType = candidateMethod.getResultType();,if (candidateMethod != null ) Type candidateResultType = candidateMethod.getResultType();
MethodMatcher.java,this.assignability = inverse.assignability.invert();,if (inverse != null ) this.assignability = inverse.assignability.invert();
ValueMappingMethod.java,TypeMirror unexpectedValueMappingException = enumMapping.getUnexpectedValueMappingException();,if (enumMapping != null ) TypeMirror unexpectedValueMappingException = enumMapping.getUnexpectedValueMappingException();
Executables.java,ExecutableElement executableInSubtype = it.next();,if (it != null ) ExecutableElement executableInSubtype = it.next();
EclipseAsMemberOfWorkaround.java,typeBinding = typeBinding.superclass();,if (typeBinding != null ) typeBinding = typeBinding.superclass();
TypeFactory.java,name = mirror.toString();,if (mirror != null ) name = mirror.toString();
DefaultVersionInformation.java,String className = processingEnv.getClass().getName();,if (processingEnv != null ) String className = processingEnv.getClass().getName();
Target.java,otherStringLongMap = Maps.newHashMap();,if (Maps != null ) otherStringLongMap = Maps.newHashMap();
BeanMappingMethod.java,returnTypeImpl = returnTypeBuilder.getBuilder();,if (returnTypeBuilder != null ) returnTypeImpl = returnTypeBuilder.getBuilder();
BeanMappingMethod.java,String targetErrorMessage = method.getReturnType().toString();,if (method != null ) String targetErrorMessage = method.getReturnType().toString();
XmlElementDeclSelector.java,TypeMirror scope = xmlElementDecl.scope().get();,if (xmlElementDecl != null ) TypeMirror scope = xmlElementDecl.scope().get();
MappingResolverImpl.java,this.savedPreferUpdateMapping = criteria.isPreferUpdateMapping();,if (criteria != null ) this.savedPreferUpdateMapping = criteria.isPreferUpdateMapping();
MappingResolverImpl.java,Type xTargetType = methodXCandidate.getReturnType();,if (methodXCandidate != null ) Type xTargetType = methodXCandidate.getReturnType();
ValueMappingMethod.java,List<String> targetConstants = method.getReturnType().getEnumConstants();,if (method != null ) List<String> targetConstants = method.getReturnType().getEnumConstants();
BeanMappingMethod.java,this.targetProperties = accessors.keySet();,if (accessors != null ) this.targetProperties = accessors.keySet();
ValueProvider.java,String value = accessor.getSimpleName().toString();,if (accessor != null ) String value = accessor.getSimpleName().toString();
BeanMappingMethod.java,String targetPropertyName = targetProperty.getName();,if (targetProperty != null ) String targetPropertyName = targetProperty.getName();
NestedTargetPropertyMappingHolder.java,PropertyEntry targetProperty = entryByTP.getKey();,if (entryByTP != null ) PropertyEntry targetProperty = entryByTP.getKey();
PropertyMapping.java,this.targetReadAccessor = targetProp.getReadAccessor();,if (targetProp != null ) this.targetReadAccessor = targetProp.getReadAccessor();
PropertyMapping.java,this.targetWriteAccessor = targetProp.getWriteAccessor();,if (targetProp != null ) this.targetWriteAccessor = targetProp.getWriteAccessor();
PropertyMapping.java,this.targetType = targetProp.getType();,if (targetProp != null ) this.targetType = targetProp.getType();
PropertyMapping.java,this.targetBuilderType = targetProp.getBuilderType();,if (targetProp != null ) this.targetBuilderType = targetProp.getBuilderType();
PropertyMapping.java,this.targetWriteAccessorType = targetWriteAccessor.getAccessorType();,if (targetWriteAccessor != null ) this.targetWriteAccessorType = targetWriteAccessor.getAccessorType();
TargetReference.java,this.isReversed = mapping.getInheritContext().isReversed();,if (mapping != null ) this.isReversed = mapping.getInheritContext().isReversed();
TargetReference.java,this.templateMethod = mapping.getInheritContext().getTemplateMethod();,if (mapping != null ) this.templateMethod = mapping.getInheritContext().getTemplateMethod();
TargetReference.java,this.isIgnored = mapping.isIgnored();,if (mapping != null ) this.isIgnored = mapping.isIgnored();
TargetReference.java,PropertyEntry newPropertyEntry = propertyEntry.pop();,if (propertyEntry != null ) PropertyEntry newPropertyEntry = propertyEntry.pop();
TargetReference.java,Set<String> readAccessors = nextType.getPropertyReadAccessors().keySet();,if (nextType != null ) Set<String> readAccessors = nextType.getPropertyReadAccessors().keySet();
MappingProcessor.java,erroneousElementName = erroneousElement.getSimpleName().toString();,if (erroneousElement != null ) erroneousElementName = erroneousElement.getSimpleName().toString();
ProcessorSuiteRunner.java,cliEnhancerConstructor = suite.commandLineEnhancer().getConstructor();,if (suite != null ) cliEnhancerConstructor = suite.commandLineEnhancer().getConstructor();
ProcessorSuiteRunner.java,CommandLineEnhancer enhancer = child.cliEnhancerConstructor.newInstance();,if (child != null ) CommandLineEnhancer enhancer = child.cliEnhancerConstructor.newInstance();
ProcessorSuiteRunner.java,Toolchain toolchain = child.processor.getToolchain();,if (child != null ) Toolchain toolchain = child.processor.getToolchain();
ProcessorSuiteRunner.java,Toolchain required = type.getToolchain();,if (type != null ) Toolchain required = type.getToolchain();
ProcessorSuiteRunner.java,ProviderDescription desc = tc.getProviderDescription();,if (tc != null ) ProviderDescription desc = tc.getProviderDescription();
BuilderFinisherMethodResolver.java,buildMethodPattern = builderMapping.buildMethod();,if (builderMapping != null ) buildMethodPattern = builderMapping.buildMethod();
ValueMappingMethod.java,List<TypeMirror> qualifiers = beanMappingPrism.qualifiedBy();,if (beanMappingPrism != null ) List<TypeMirror> qualifiers = beanMappingPrism.qualifiedBy();
ValueMappingMethod.java,List<String> qualifyingNames = beanMappingPrism.qualifiedByName();,if (beanMappingPrism != null ) List<String> qualifyingNames = beanMappingPrism.qualifiedByName();
ValueMappingMethod.java,TypeMirror resultType = beanMappingPrism.resultType();,if (beanMappingPrism != null ) TypeMirror resultType = beanMappingPrism.resultType();
MapperOptions.java,mapperConfigType = (DeclaredType) prism.config();,if (prism != null ) mapperConfigType = (DeclaredType) prism.config();
XmlElementDeclSelector.java,String name = xmlElementDecl.name();,if (xmlElementDecl != null ) String name = xmlElementDecl.name();
XmlElementDeclSelector.java,TypeMirror scope = xmlElementDecl.scope();,if (xmlElementDecl != null ) TypeMirror scope = xmlElementDecl.scope();
AnnotationBasedComponentModelProcessor.java,InjectionStrategyPrism injectionStrategy = mapperAnnotation.getInjectionStrategy();,if (mapperAnnotation != null ) InjectionStrategyPrism injectionStrategy = mapperAnnotation.getInjectionStrategy();
MapperCreationProcessor.java,BeanMappingMethod.Builder builder = new BeanMappingMethod.Builder();,if (BeanMappingMethod != null ) BeanMappingMethod.Builder builder = new BeanMappingMethod.Builder();
MapperCreationProcessor.java,MappingInheritanceStrategyPrism inheritanceStrategy = mapperConfig.getMappingInheritanceStrategy();,if (mapperConfig != null ) MappingInheritanceStrategyPrism inheritanceStrategy = mapperConfig.getMappingInheritanceStrategy();
MapperCreationProcessor.java,String name = inversePrism.name();,if (inversePrism != null ) String name = inversePrism.name();
MapperCreationProcessor.java,String name = forwardPrism.name();,if (forwardPrism != null ) String name = forwardPrism.name();
MapperCreationProcessor.java,String name = inversePrism.name();,if (inversePrism != null ) String name = inversePrism.name();
MapperCreationProcessor.java,String name = prism.name();,if (prism != null ) String name = prism.name();
BeanMappingMethod.java,BeanMappingOptions beanMapping = method.getMappingOptions().getBeanMapping();,if (method != null ) BeanMappingOptions beanMapping = method.getMappingOptions().getBeanMapping();
BeanMappingMethod.java,CollectionMappingStrategyPrism cms = this.method.getMapperConfiguration().getCollectionMappingStrategy();,if (this != null ) CollectionMappingStrategyPrism cms = this.method.getMapperConfiguration().getCollectionMappingStrategy();
BeanMappingMethod.java,MappingMethodOptions mappingOptions = method.getMappingOptions();,if (method != null ) MappingMethodOptions mappingOptions = method.getMappingOptions();
CollectionAssignmentBuilder.java,CollectionMappingStrategyPrism cms = method.getMapperConfiguration().getCollectionMappingStrategy();,if (method != null ) CollectionMappingStrategyPrism cms = method.getMapperConfiguration().getCollectionMappingStrategy();
PropertyMapping.java,MapperOptions mapperConfiguration = method.getMapperConfiguration();,if (method != null ) MapperOptions mapperConfiguration = method.getMapperConfiguration();
PropertyMapping.java,BeanMappingOptions beanMapping = method.getMappingOptions().getBeanMapping();,if (method != null ) BeanMappingOptions beanMapping = method.getMappingOptions().getBeanMapping();
PropertyMapping.java,this.nvms = mapperConfiguration.getNullValueMappingStrategy();,if (mapperConfiguration != null ) this.nvms = mapperConfiguration.getNullValueMappingStrategy();
SourceReference.java,templateMethod = mapping.getInheritContext().getInheritedFromMethod();,if (mapping != null ) templateMethod = mapping.getInheritContext().getInheritedFromMethod();
TargetReference.java,this.templateMethod = mapping.getInheritContext().getInheritedFromMethod();,if (mapping != null ) this.templateMethod = mapping.getInheritContext().getInheritedFromMethod();
TargetReference.java,CollectionMappingStrategyPrism cms = method.getMapperConfiguration().getCollectionMappingStrategy();,if (method != null ) CollectionMappingStrategyPrism cms = method.getMapperConfiguration().getCollectionMappingStrategy();
BeanMappingOptions.java,boolean ignoreByDefault = prism.ignoreByDefault();,if (prism != null ) boolean ignoreByDefault = prism.ignoreByDefault();
BeanMappingOptions.java,builderMapping = prism.builder();,if (prism != null ) builderMapping = prism.builder();
MapperOptions.java,this.config = (DeclaredType) mapperPrism.config();,if (mapperPrism != null ) this.config = (DeclaredType) mapperPrism.config();
MappingMethodOptions.java,MappingMethodOptions inherited = templateMethod.getMappingOptions();,if (templateMethod != null ) MappingMethodOptions inherited = templateMethod.getMappingOptions();
MappingMethodOptions.java,CollectionMappingStrategyPrism cms = method.getMapperConfiguration().getCollectionMappingStrategy();,if (method != null ) CollectionMappingStrategyPrism cms = method.getMapperConfiguration().getCollectionMappingStrategy();
MapperCreationProcessor.java,MappingMethodOptions mappingOptions = method.getMappingOptions();,if (method != null ) MappingMethodOptions mappingOptions = method.getMappingOptions();
MapperCreationProcessor.java,formattingParameters = mappingOptions.getIterableMapping().getFormattingParameters();,if (mappingOptions != null ) formattingParameters = mappingOptions.getIterableMapping().getFormattingParameters();
MapperCreationProcessor.java,selectionParameters = mappingOptions.getIterableMapping().getSelectionParameters();,if (mappingOptions != null ) selectionParameters = mappingOptions.getIterableMapping().getSelectionParameters();
MapperCreationProcessor.java,nullValueMappingStrategy = mappingOptions.getIterableMapping().getNullValueMappingStrategy();,if (mappingOptions != null ) nullValueMappingStrategy = mappingOptions.getIterableMapping().getNullValueMappingStrategy();
MapperCreationProcessor.java,MappingMethodOptions mappingOptions = method.getMappingOptions();,if (method != null ) MappingMethodOptions mappingOptions = method.getMappingOptions();
MappingResolverImpl.java,ReportingPolicyPrism policy = attempt.mappingMethod.getMapperConfiguration().typeConversionPolicy();,if (attempt != null ) ReportingPolicyPrism policy = attempt.mappingMethod.getMapperConfiguration().typeConversionPolicy();
BeanMappingMethod.java,Mapping mapping = mappingRef.getMapping();,if (mappingRef != null ) Mapping mapping = mappingRef.getMapping();
MappingReferences.java,Mapping mapping = mappingRef.getMapping();,if (mappingRef != null ) Mapping mapping = mappingRef.getMapping();
BeanMappingMethod.java,BeanMapping beanMapping = method.getMappingOptions().getBeanMapping();,if (method != null ) BeanMapping beanMapping = method.getMappingOptions().getBeanMapping();
BeanMappingMethod.java,MappingOptions mappingOptions = method.getMappingOptions();,if (method != null ) MappingOptions mappingOptions = method.getMappingOptions();
PropertyMapping.java,MapperConfiguration mapperConfiguration = method.getMapperConfiguration();,if (method != null ) MapperConfiguration mapperConfiguration = method.getMapperConfiguration();
PropertyMapping.java,BeanMapping beanMapping = method.getMappingOptions().getBeanMapping();,if (method != null ) BeanMapping beanMapping = method.getMappingOptions().getBeanMapping();
MappingMethodOptions.java,MappingOptions inherited = templateMethod.getMappingOptions();,if (templateMethod != null ) MappingOptions inherited = templateMethod.getMappingOptions();
MapperCreationProcessor.java,MappingOptions mappingOptions = method.getMappingOptions();,if (method != null ) MappingOptions mappingOptions = method.getMappingOptions();
MapperCreationProcessor.java,MappingOptions mappingOptions = method.getMappingOptions();,if (method != null ) MappingOptions mappingOptions = method.getMappingOptions();
ValueMappingMethod.java,nullTarget = nullTargetValue.getTarget();,if (nullTargetValue != null ) nullTarget = nullTargetValue.getTarget();
ValueMappingMethod.java,List<String> targetEnumConstants = method.getReturnType().getEnumConstants();,if (method != null ) List<String> targetEnumConstants = method.getReturnType().getEnumConstants();
JavaFileAssert.java,Delta<String> delta = iterator.next();,if (iterator != null ) Delta<String> delta = iterator.next();
BuilderFinisherMethodResolver.java,buildMethodPattern = builderMapping.get().buildMethod();,if (builderMapping != null ) buildMethodPattern = builderMapping.get().buildMethod();
BeanMapping.java,boolean ignoreByDefault = beanMapping.ignoreByDefault();,if (beanMapping != null ) boolean ignoreByDefault = beanMapping.ignoreByDefault();
BeanMapping.java,builderMapping = beanMapping.builder();,if (beanMapping != null ) builderMapping = beanMapping.builder();
SourceReference.java,String sourceName = mapping.getSourceName();,if (mapping != null ) String sourceName = mapping.getSourceName();
SourceReference.java,Method templateMethod = mapping.getInheritContext().getInheritedFromMethod();,if (mapping != null ) Method templateMethod = mapping.getInheritContext().getInheritedFromMethod();
TargetReference.java,String targetName = mapping.getTargetName();,if (mapping != null ) String targetName = mapping.getTargetName();
TargetReference.java,Method templateMethod = mapping.getInheritContext().getInheritedFromMethod();,if (mapping != null ) Method templateMethod = mapping.getInheritContext().getInheritedFromMethod();
TargetReference.java,AnnotationMirror annotationMirror = mapping.getMirror();,if (mapping != null ) AnnotationMirror annotationMirror = mapping.getMirror();
AnnotationBasedComponentModelProcessor.java,InjectionStrategyPrism injectionStrategy = mapperConfiguration.getInjectionStrategy();,if (mapperConfiguration != null ) InjectionStrategyPrism injectionStrategy = mapperConfiguration.getInjectionStrategy();
TypeFactory.java,List<Type> originalParameters = collectionOrMap.getTypeParameters();,if (collectionOrMap != null ) List<Type> originalParameters = collectionOrMap.getTypeParameters();
BeanMappingMethod.java,TargetReference targetReference = mapping.getTargetReference();,if (mapping != null ) TargetReference targetReference = mapping.getTargetReference();
BeanMappingMethod.java,String target = first( targetReference.getPropertyEntries() ).getFullName();,if () != null ) String target = first( targetReference.getPropertyEntries() ).getFullName();
BeanMappingMethod.java,List<PropertyEntry> sourceEntries = mapping.getSourceReference().getPropertyEntries();,if (mapping != null ) List<PropertyEntry> sourceEntries = mapping.getSourceReference().getPropertyEntries();
BeanMappingMethod.java,String source = first( sourceEntries ).getFullName();,if () != null ) String source = first( sourceEntries ).getFullName();
BeanMappingMethod.java,SourceReference sourceRef = mappingRef.getSourceReference();,if (mappingRef != null ) SourceReference sourceRef = mappingRef.getSourceReference();
BeanMappingMethod.java,String targetPropertyName = targetProperty.getKey();,if (targetProperty != null ) String targetPropertyName = targetProperty.getKey();
BeanMappingMethod.java,Type sourceType = sourceParameter.getType();,if (sourceParameter != null ) Type sourceType = sourceParameter.getType();
PropertyMapping.java,List<PropertyEntry> propertyEntries = sourceReference.getPropertyEntries();,if (sourceReference != null ) List<PropertyEntry> propertyEntries = sourceReference.getPropertyEntries();
PropertyMapping.java,Type sourceType = last( propertyEntries ).getType();,if () != null ) Type sourceType = last( propertyEntries ).getType();
PropertyMapping.java,String desiredName = last( sourceReference.getPropertyEntries() ).getName();,if () != null ) String desiredName = last( sourceReference.getPropertyEntries() ).getName();
MappingReferences.java,Set<Mapping> mappings = sourceMethod.getMappingOptions().getMappings();,if (sourceMethod != null ) Set<Mapping> mappings = sourceMethod.getMappingOptions().getMappings();
BeanMappingMethod.java,SourceReference sourceReference = mapping.getSourceReference();,if (mapping != null ) SourceReference sourceReference = mapping.getSourceReference();
BeanMappingMethod.java,TargetReference targetRef = mapping.getTargetReference();,if (mapping != null ) TargetReference targetRef = mapping.getTargetReference();
BeanMappingMethod.java,String propertyName = targetProperty.getName();,if (targetProperty != null ) String propertyName = targetProperty.getName();
BeanMappingMethod.java,SourceReference sourceRef = mapping.getSourceReference();,if (mapping != null ) SourceReference sourceRef = mapping.getSourceReference();
NestedTargetPropertyMappingHolder.java,Set<Mapping> mappings = mappingOptions.getMappings();,if (mappingOptions != null ) Set<Mapping> mappings = mappingOptions.getMappings();
NestedTargetPropertyMappingHolder.java,Mapping newMapping = mapping.popTargetReference();,if (mapping != null ) Mapping newMapping = mapping.popTargetReference();
NestedTargetPropertyMappingHolder.java,Set<Mapping> mappings = entryByParam.getValue();,if (entryByParam != null ) Set<Mapping> mappings = entryByParam.getValue();
NestedTargetPropertyMappingHolder.java,Mapping newMapping = mapping.popSourceReference();,if (mapping != null ) Mapping newMapping = mapping.popSourceReference();
PropertyMapping.java,MapperConfiguration config = method.getMapperConfiguration();,if (method != null ) MapperConfiguration config = method.getMapperConfiguration();
PropertyMapping.java,MapperConfiguration config = method.getMapperConfiguration();,if (method != null ) MapperConfiguration config = method.getMapperConfiguration();
Mapping.java,TargetReference newTargetReference = targetReference.pop();,if (targetReference != null ) TargetReference newTargetReference = targetReference.pop();
Mapping.java,SourceReference newSourceReference = sourceReference.pop();,if (sourceReference != null ) SourceReference newSourceReference = sourceReference.pop();
MappingOptions.java,TargetReference targetReference = mapping.getTargetReference();,if (mapping != null ) TargetReference targetReference = mapping.getTargetReference();
SourceMethod.java,List<PropertyEntry> sourceEntries = mapping.getSourceReference().getPropertyEntries();,if (mapping != null ) List<PropertyEntry> sourceEntries = mapping.getSourceReference().getPropertyEntries();
XmlElementDeclSelector.java,String name = xmlElememtDecl.name();,if (xmlElememtDecl != null ) String name = xmlElememtDecl.name();
XmlElementDeclSelector.java,TypeMirror scope = xmlElememtDecl.scope();,if (xmlElememtDecl != null ) TypeMirror scope = xmlElememtDecl.scope();
BeanMappingMethod.java,this.methodMappings = this.method.getMappingOptions().getMappings();,if (this != null ) this.methodMappings = this.method.getMappingOptions().getMappings();
BeanMappingMethod.java,TargetReference targetReference = mapping.getTargetReference();,if (mapping != null ) TargetReference targetReference = mapping.getTargetReference();
BeanMappingMethod.java,String target = first( targetReference.getPropertyEntries() ).getFullName();,if () != null ) String target = first( targetReference.getPropertyEntries() ).getFullName();
BeanMappingMethod.java,List<PropertyEntry> sourceEntries = mapping.getSourceReference().getPropertyEntries();,if (mapping != null ) List<PropertyEntry> sourceEntries = mapping.getSourceReference().getPropertyEntries();
BeanMappingMethod.java,String source = first( sourceEntries ).getFullName();,if () != null ) String source = first( sourceEntries ).getFullName();
EnumMappingMethod.java,List<TypeMirror> qualifiers = beanMappingPrism.qualifiedBy();,if (beanMappingPrism != null ) List<TypeMirror> qualifiers = beanMappingPrism.qualifiedBy();
EnumMappingMethod.java,List<String> qualifyingNames = beanMappingPrism.qualifiedByName();,if (beanMappingPrism != null ) List<String> qualifyingNames = beanMappingPrism.qualifiedByName();
EnumMappingMethod.java,TypeMirror resultType = beanMappingPrism.resultType();,if (beanMappingPrism != null ) TypeMirror resultType = beanMappingPrism.resultType();
EnumMappingMethod.java,List<String> targetEnumConstants = method.getReturnType().getEnumConstants();,if (method != null ) List<String> targetEnumConstants = method.getReturnType().getEnumConstants();
EnumMappingMethod.java,List<String> targetEnumConstants = method.getReturnType().getEnumConstants();,if (method != null ) List<String> targetEnumConstants = method.getReturnType().getEnumConstants();
NestedTargetPropertyMappingHolder.java,TargetReference targetReference = firstMapping.getTargetReference();,if (firstMapping != null ) TargetReference targetReference = firstMapping.getTargetReference();
NestedTargetPropertyMappingHolder.java,Mapping newMapping = firstMapping.popTargetReference();,if (firstMapping != null ) Mapping newMapping = firstMapping.popTargetReference();
NestedTargetPropertyMappingHolder.java,List<Mapping> mappings = entryByParam.getValue();,if (entryByParam != null ) List<Mapping> mappings = entryByParam.getValue();
MappingOptions.java,TargetReference targetReference = mapping.getTargetReference();,if (mapping != null ) TargetReference targetReference = mapping.getTargetReference();
MappingOptions.java,TargetReference targetReference = mapping.getTargetReference();,if (mapping != null ) TargetReference targetReference = mapping.getTargetReference();
SourceMethod.java,List<PropertyEntry> sourceEntries = mapping.getSourceReference().getPropertyEntries();,if (mapping != null ) List<PropertyEntry> sourceEntries = mapping.getSourceReference().getPropertyEntries();
TargetReference.java,String targetName = mapping.getTargetName();,if (mapping != null ) String targetName = mapping.getTargetName();
MapperCreationProcessor.java,EnumMappingMethod.Builder builder = new EnumMappingMethod.Builder();,if (EnumMappingMethod != null ) EnumMappingMethod.Builder builder = new EnumMappingMethod.Builder();
MapperCreationProcessor.java,String name = reversePrism.name();,if (reversePrism != null ) String name = reversePrism.name();
MapperCreationProcessor.java,String name = reversePrism.name();,if (reversePrism != null ) String name = reversePrism.name();
UserMapperImpl.java,String[] settings = user.getSettings();,if (user != null ) String[] settings = user.getSettings();
UserMapperImpl.java,String[] settings = contactDataDTO.getSettings();,if (contactDataDTO != null ) String[] settings = contactDataDTO.getSettings();
UserMapperImpl.java,List<String> preferences = contactDataDTO.getPreferences();,if (contactDataDTO != null ) List<String> preferences = contactDataDTO.getPreferences();
UserMapperImpl.java,String phone = contactDataDTO.getPhone();,if (contactDataDTO != null ) String phone = contactDataDTO.getPhone();
UserMapperImpl.java,String email = contactDataDTO.getEmail();,if (contactDataDTO != null ) String email = contactDataDTO.getEmail();
DomainDtoWithNcvsAlwaysMapperImpl.java,List<String> list = source.getStrings();,if (source != null ) List<String> list = source.getStrings();
DomainDtoWithNcvsAlwaysMapperImpl.java,List<String> list = source.getStrings();,if (source != null ) List<String> list = source.getStrings();
DomainDtoWithNcvsAlwaysMapperImpl.java,List<String> list = source.getStrings();,if (source != null ) List<String> list = source.getStrings();
DomainDtoWithNvmsDefaultMapperImpl.java,List<String> list = source.getStrings();,if (source != null ) List<String> list = source.getStrings();
DomainDtoWithNvmsDefaultMapperImpl.java,List<String> list = source.getStrings();,if (source != null ) List<String> list = source.getStrings();
DomainDtoWithNvmsDefaultMapperImpl.java,List<String> list = source.getStrings();,if (source != null ) List<String> list = source.getStrings();
DomainDtoWithNvmsDefaultMapperImpl.java,List<String> list = source.getStrings();,if (source != null ) List<String> list = source.getStrings();
DomainDtoWithNvmsNullMapperImpl.java,List<String> list = source.getStrings();,if (source != null ) List<String> list = source.getStrings();
DomainDtoWithNvmsNullMapperImpl.java,List<String> list = source.getStrings();,if (source != null ) List<String> list = source.getStrings();
DomainDtoWithNvmsNullMapperImpl.java,List<String> list = source.getStrings();,if (source != null ) List<String> list = source.getStrings();
DomainDtoWithNvmsNullMapperImpl.java,List<String> list = source.getStrings();,if (source != null ) List<String> list = source.getStrings();
DomainDtoWithPresenceCheckMapperImpl.java,List<String> list = source.getStrings();,if (source != null ) List<String> list = source.getStrings();
DomainDtoWithPresenceCheckMapperImpl.java,List<String> list = source.getStrings();,if (source != null ) List<String> list = source.getStrings();
ArtistToChartEntryImpl.java,Label label = artist.getLabel();,if (artist != null ) Label label = artist.getLabel();
ArtistToChartEntryImpl.java,Studio studio = label.getStudio();,if (label != null ) Studio studio = label.getStudio();
ArtistToChartEntryImpl.java,String city = studio.getCity();,if (studio != null ) String city = studio.getCity();
ArtistToChartEntryImpl.java,String name = artist.getName();,if (artist != null ) String name = artist.getName();
ChartEntryToArtistImpl.java,Label label = artist.getLabel();,if (artist != null ) Label label = artist.getLabel();
ChartEntryToArtistImpl.java,Studio studio = label.getStudio();,if (label != null ) Studio studio = label.getStudio();
ChartEntryToArtistImpl.java,String city = studio.getCity();,if (studio != null ) String city = studio.getCity();
ChartEntryToArtistImpl.java,String name = artist.getName();,if (artist != null ) String name = artist.getName();
PropertyMapping.java,Type sourceType = rightHandSide.getSourceType();,if (rightHandSide != null ) Type sourceType = rightHandSide.getSourceType();
BeanMappingMethod.java,this.methodMappings = sourceMethod.getMappingOptions().getMappings();,if (sourceMethod != null ) this.methodMappings = sourceMethod.getMappingOptions().getMappings();
BeanMappingMethod.java,CollectionMappingStrategyPrism cms = sourceMethod.getMapperConfiguration().getCollectionMappingStrategy();,if (sourceMethod != null ) CollectionMappingStrategyPrism cms = sourceMethod.getMapperConfiguration().getCollectionMappingStrategy();
BeanMappingMethod.java,Type mappingType = method.getResultType();,if (method != null ) Type mappingType = method.getResultType();
BeanMappingMethod.java,mappingType = mappingType.getEffectiveType();,if (mappingType != null ) mappingType = mappingType.getEffectiveType();
BeanMappingMethod.java,BeanMapping beanMapping = method.getMappingOptions().getBeanMapping();,if (method != null ) BeanMapping beanMapping = method.getMappingOptions().getBeanMapping();
BeanMappingMethod.java,BeanMapping beanMapping = method.getMappingOptions().getBeanMapping();,if (method != null ) BeanMapping beanMapping = method.getMappingOptions().getBeanMapping();
BeanMappingMethod.java,Type returnType = method.getReturnType();,if (method != null ) Type returnType = method.getReturnType();
BuilderFinisherMethodResolver.java,buildMethodPattern = builderMapping.buildMethod();,if (builderMapping != null ) buildMethodPattern = builderMapping.buildMethod();
BuilderFinisherMethodResolver.java,BeanMapping beanMapping = method.getMappingOptions().getBeanMapping();,if (method != null ) BeanMapping beanMapping = method.getMappingOptions().getBeanMapping();
LifecycleMethodResolver.java,Type targetType = method.getResultType();,if (method != null ) Type targetType = method.getResultType();
LifecycleMethodResolver.java,targetType = targetType.getEffectiveType();,if (targetType != null ) targetType = targetType.getEffectiveType();
ObjectFactoryMethodResolver.java,BuilderType builder = targetType.getBuilderType();,if (targetType != null ) BuilderType builder = targetType.getBuilderType();
PropertyMapping.java,Type mappingType = method.getResultType();,if (method != null ) Type mappingType = method.getResultType();
PropertyMapping.java,mappingType = mappingType.getEffectiveType();,if (mappingType != null ) mappingType = mappingType.getEffectiveType();
PropertyMapping.java,DeclaredType resultType = (DeclaredType) mappingType.getTypeMirror();,if (mappingType != null ) DeclaredType resultType = (DeclaredType) mappingType.getTypeMirror();
Type.java,ExecutableElement executable = adder.getExecutable();,if (adder != null ) ExecutableElement executable = adder.getExecutable();
TypeFactory.java,ExecutableElement executable = method.getExecutable();,if (method != null ) ExecutableElement executable = method.getExecutable();
TypeFactory.java,ExecutableElement method = accessor.getExecutable();,if (accessor != null ) ExecutableElement method = accessor.getExecutable();
MappingOptions.java,writeType = writeType.getEffectiveType();,if (writeType != null ) writeType = writeType.getEffectiveType();
TargetReference.java,Type resultType = method.getResultType();,if (method != null ) Type resultType = method.getResultType();
AccessorNamingUtils.java,ExecutableElement executable = method.getExecutable();,if (method != null ) ExecutableElement executable = method.getExecutable();
AccessorNamingUtils.java,ExecutableElement executable = method.getExecutable();,if (method != null ) ExecutableElement executable = method.getExecutable();
AccessorNamingUtils.java,ExecutableElement executable = method.getExecutable();,if (method != null ) ExecutableElement executable = method.getExecutable();
AccessorNamingUtils.java,ExecutableElement executable = method.getExecutable();,if (method != null ) ExecutableElement executable = method.getExecutable();
AccessorNamingUtils.java,ExecutableElement executable = accessor.getExecutable();,if (accessor != null ) ExecutableElement executable = accessor.getExecutable();
AccessorNamingUtils.java,ExecutableElement executable = adderMethod.getExecutable();,if (adderMethod != null ) ExecutableElement executable = adderMethod.getExecutable();
Executables.java,ExecutableElement executable = accessor.getExecutable();,if (accessor != null ) ExecutableElement executable = accessor.getExecutable();
Executables.java,ExecutableElement executableInSubtype = it.next().getExecutable();,if (it != null ) ExecutableElement executableInSubtype = it.next().getExecutable();
SourceReference.java,notFoundPropertyIndex = entries.size();,if (entries != null ) notFoundPropertyIndex = entries.size();
SourceReference.java,sourceType = last( entries ).getType();,if () != null ) sourceType = last( entries ).getType();
PropertyMapping.java,Type sourceType = sourceRHS.getSourceType();,if (sourceRHS != null ) Type sourceType = sourceRHS.getSourceType();
BeanMappingMethod.java,BuilderType builderType = resultType.getBuilderType();,if (resultType != null ) BuilderType builderType = resultType.getBuilderType();
PropertyMapping.java,BeanMapping beanMapping = method.getMappingOptions().getBeanMapping();,if (method != null ) BeanMapping beanMapping = method.getMappingOptions().getBeanMapping();
PropertyMapping.java,NullValueCheckStrategyPrism nvcs = method.getMapperConfiguration().getNullValueCheckStrategy();,if (method != null ) NullValueCheckStrategyPrism nvcs = method.getMapperConfiguration().getNullValueCheckStrategy();
MapperCreationProcessor.java,nullValueMappingStrategy = mappingOptions.getBeanMapping().getNullValueMappingStrategy();,if (mappingOptions != null ) nullValueMappingStrategy = mappingOptions.getBeanMapping().getNullValueMappingStrategy();
MapperCreationProcessor.java,selectionParameters = mappingOptions.getBeanMapping().getSelectionParameters();,if (mappingOptions != null ) selectionParameters = mappingOptions.getBeanMapping().getSelectionParameters();
Type.java,ExecutableElement executable = adder.getExecutable();,if (adder != null ) ExecutableElement executable = adder.getExecutable();
AnnotationBasedComponentModelProcessor.java,ListIterator<MapperReference> iterator = mapper.getReferencedMappers().listIterator();,if (mapper != null ) ListIterator<MapperReference> iterator = mapper.getReferencedMappers().listIterator();
AnnotationBasedComponentModelProcessor.java,MapperReference reference = iterator.next();,if (iterator != null ) MapperReference reference = iterator.next();
MapperCreationProcessor.java,List<MapperReference> mapperReferences = mappingContext.getMapperReferences();,if (mappingContext != null ) List<MapperReference> mapperReferences = mappingContext.getMapperReferences();
BuilderType.java,ExecutableElement buildMethod = builderInfo.getBuildMethod();,if (builderInfo != null ) ExecutableElement buildMethod = builderInfo.getBuildMethod();
MappingResolverImpl.java,BuilderType builder = targetType.getBuilderType();,if (targetType != null ) BuilderType builder = targetType.getBuilderType();
MappingResolverImpl.java,ExecutableElement builderCreationMethod = builder.getBuilderCreationMethod();,if (builder != null ) ExecutableElement builderCreationMethod = builder.getBuilderCreationMethod();
TypeFactory.java,kind = targetType.getTypeMirror().getKind();,if (targetType != null ) kind = targetType.getTypeMirror().getKind();
Executables.java,ExecutableElement executable = method.getExecutable();,if (method != null ) ExecutableElement executable = method.getExecutable();
Executables.java,ExecutableElement executable = method.getExecutable();,if (method != null ) ExecutableElement executable = method.getExecutable();
Executables.java,ExecutableElement executable = method.getExecutable();,if (method != null ) ExecutableElement executable = method.getExecutable();
Executables.java,ExecutableElement executable = method.getExecutable();,if (method != null ) ExecutableElement executable = method.getExecutable();
Executables.java,ExecutableElement executable = accessor.getExecutable();,if (accessor != null ) ExecutableElement executable = accessor.getExecutable();
Executables.java,ExecutableElement executable = adderMethod.getExecutable();,if (adderMethod != null ) ExecutableElement executable = adderMethod.getExecutable();
TypeFactory.java,TypeKind kind = targetType.getTypeMirror().getKind();,if (targetType != null ) TypeKind kind = targetType.getTypeMirror().getKind();
TargetReference.java,resultType = resultType.getEffectiveType();,if (resultType != null ) resultType = resultType.getEffectiveType();
TargetReference.java,Type mappingType = nextType.getEffectiveType();,if (nextType != null ) Type mappingType = nextType.getEffectiveType();
Type.java,ExecutableElement executable = adder.getExecutable();,if (adder != null ) ExecutableElement executable = adder.getExecutable();
TargetReference.java,resultType = resultType.getMappingType();,if (resultType != null ) resultType = resultType.getMappingType();
TargetReference.java,Type mappingType = nextType.getMappingType();,if (nextType != null ) Type mappingType = nextType.getMappingType();
MappingResolverImpl.java,Type builderType = targetType.getBuilderType();,if (targetType != null ) Type builderType = targetType.getBuilderType();
MappingResolverImpl.java,Type returnType = mappingMethod.getReturnType();,if (mappingMethod != null ) Type returnType = mappingMethod.getReturnType();
DefaultBuilderProvider.java,Name name = typeElement.getQualifiedName();,if (typeElement != null ) Name name = typeElement.getQualifiedName();
MapperCreationProcessor.java,MappingInheritanceStrategyPrism inheritanceStrategy = mapperConfig.getMappingInheritanceStrategy();,if (mapperConfig != null ) MappingInheritanceStrategyPrism inheritanceStrategy = mapperConfig.getMappingInheritanceStrategy();
Mapping.java,CollectionMappingStrategyPrism cms = method.getMapperConfiguration().getCollectionMappingStrategy();,if (method != null ) CollectionMappingStrategyPrism cms = method.getMapperConfiguration().getCollectionMappingStrategy();
StringsTest.java,Locale[] availableLocales = Locale.getAvailableLocales();,if (Locale != null ) Locale[] availableLocales = Locale.getAvailableLocales();
PropertyMapping.java,Type sourceType = sourceRHS.getSourceType();,if (sourceRHS != null ) Type sourceType = sourceRHS.getSourceType();
NestedTargetPropertyMappingHolder.java,Mapping newMapping = first( mapping ).popTargetReference();,if () != null ) Mapping newMapping = first( mapping ).popTargetReference();
PropertyMapping.java,CollectionMappingStrategyPrism cms = method.getMapperConfiguration().getCollectionMappingStrategy();,if (method != null ) CollectionMappingStrategyPrism cms = method.getMapperConfiguration().getCollectionMappingStrategy();
SetterWrapperForCollectionsAndMaps.java,Set<Type> imported = super.getImportTypes();,if (super != null ) Set<Type> imported = super.getImportTypes();
DomainDtoWithNcvsAlwaysMapperImpl.java,List<String> list = source.getStrings();,if (source != null ) List<String> list = source.getStrings();
DomainDtoWithNcvsAlwaysMapperImpl.java,List<String> list = source.getStrings();,if (source != null ) List<String> list = source.getStrings();
DomainDtoWithPresenceCheckMapperImpl.java,List<String> list = source.getStrings();,if (source != null ) List<String> list = source.getStrings();
DomainDtoWithPresenceCheckMapperImpl.java,List<String> list = source.getStrings();,if (source != null ) List<String> list = source.getStrings();
MappingResolverImpl.java,dateFormat = formattingParameters.getDate();,if (formattingParameters != null ) dateFormat = formattingParameters.getDate();
MappingResolverImpl.java,numberFormat = formattingParameters.getNumber();,if (formattingParameters != null ) numberFormat = formattingParameters.getNumber();
DefaultConversionContextTest.java,lastKindPrinted = msg.getDiagnosticKind();,if (msg != null ) lastKindPrinted = msg.getDiagnosticKind();
BeanMappingMethod.java,Type targetType = this.method.getReturnType();,if (this != null ) Type targetType = this.method.getReturnType();
BeanMappingMethod.java,ForgedMethodHistory history = forgedMethod.getHistory();,if (forgedMethod != null ) ForgedMethodHistory history = forgedMethod.getHistory();
MapperCreationProcessor.java,List<SourceMethod> applicablePrototypeMethods = method.getApplicablePrototypeMethods();,if (method != null ) List<SourceMethod> applicablePrototypeMethods = method.getApplicablePrototypeMethods();
ValueMappingMethod.java,defaultTarget = defaultTargetValue.getTarget();,if (defaultTargetValue != null ) defaultTarget = defaultTargetValue.getTarget();
FishTankMapperImpl.java,Interior interior = fishTank.getInterior();,if (fishTank != null ) Interior interior = fishTank.getInterior();
FishTankMapperImpl.java,Ornament ornament = interior.getOrnament();,if (interior != null ) Ornament ornament = interior.getOrnament();
FishTankMapperConstantImpl.java,Fish fish = fishTank.getFish();,if (fishTank != null ) Fish fish = fishTank.getFish();
FishTankMapperConstantImpl.java,String type = fish.getType();,if (fish != null ) String type = fish.getType();
MappingOptions.java,Mapping newMapping = first( mapping ).popTargetReference();,if () != null ) Mapping newMapping = first( mapping ).popTargetReference();
MappingOptions.java,Parameter parameter = mapping.getSourceReference().getParameter();,if (mapping != null ) Parameter parameter = mapping.getSourceReference().getParameter();
ContainerMappingMethod.java,this.overridden = method.overridesMethod();,if (method != null ) this.overridden = method.overridesMethod();
MapMappingMethod.java,this.overridden = method.overridesMethod();,if (method != null ) this.overridden = method.overridesMethod();
BeanMappingMethod.java,this.overridden = method.overridesMethod();,if (method != null ) this.overridden = method.overridesMethod();
MapperRenderingProcessor.java,"String fileName = model.getPackageName() + ""."" + model.getName();","if (model != null ) String fileName = model.getPackageName() + ""."" + model.getName();"
LifecycleCallbackMethodReference.java,this.declaringType = method.getDeclaringMapper();,if (method != null ) this.declaringType = method.getDeclaringMapper();
BeanMappingMethod.java,TargetReference targetRef = mapping.getTargetReference();,if (mapping != null ) TargetReference targetRef = mapping.getTargetReference();
BeanMappingMethod.java,resultPropertyName = first( targetRef.getPropertyEntries() ).getName();,if () != null ) resultPropertyName = first( targetRef.getPropertyEntries() ).getName();
BeanMappingMethod.java,SourceReference sourceRef = mapping.getSourceReference();,if (mapping != null ) SourceReference sourceRef = mapping.getSourceReference();
BeanMappingMethod.java,TargetReference targetRef = first( mapping.getValue() ).getTargetReference();,if () != null ) TargetReference targetRef = first( mapping.getValue() ).getTargetReference();
BeanMappingMethod.java,List<PropertyEntry> propertyEntries = targetRef.getPropertyEntries();,if (targetRef != null ) List<PropertyEntry> propertyEntries = targetRef.getPropertyEntries();
BeanMappingMethod.java,Type type = propertyEntry.getType();,if (propertyEntry != null ) Type type = propertyEntry.getType();
BeanMappingMethod.java,TargetReference targetRef = first( mapping.getValue() ).getTargetReference();,if () != null ) TargetReference targetRef = first( mapping.getValue() ).getTargetReference();
BeanMappingMethod.java,List<PropertyEntry> propertyEntries = targetRef.getPropertyEntries();,if (targetRef != null ) List<PropertyEntry> propertyEntries = targetRef.getPropertyEntries();
BeanMappingMethod.java,List<PropertyEntry> propertyEntries = targetRef.getPropertyEntries();,if (targetRef != null ) List<PropertyEntry> propertyEntries = targetRef.getPropertyEntries();
MapperCreationProcessor.java,BeanMappingMethod.Builder builder = new BeanMappingMethod.Builder();,if (BeanMappingMethod != null ) BeanMappingMethod.Builder builder = new BeanMappingMethod.Builder();
BeanMappingMethod.java,history = history.getPrevHistory();,if (history != null ) history = history.getPrevHistory();
IterableMappingMethod.java,Type sourceParameterType = first( method.getSourceParameters() ).getType();,if () != null ) Type sourceParameterType = first( method.getSourceParameters() ).getType();
PropertyMapping.java,Type sourceType = rightHandSide.getSourceType();,if (rightHandSide != null ) Type sourceType = rightHandSide.getSourceType();
StreamMappingMethod.java,Type sourceParameterType = first( method.getSourceParameters() ).getType();,if () != null ) Type sourceParameterType = first( method.getSourceParameters() ).getType();
StreamMappingMethod.java,Type resultType = method.getResultType();,if (method != null ) Type resultType = method.getResultType();
MapperCreationProcessor.java,IterableMappingMethod.Builder builder = new IterableMappingMethod.Builder();,if (IterableMappingMethod != null ) IterableMappingMethod.Builder builder = new IterableMappingMethod.Builder();
MapperCreationProcessor.java,formattingParameters = mappingOptions.getIterableMapping().getFormattingParameters();,if (mappingOptions != null ) formattingParameters = mappingOptions.getIterableMapping().getFormattingParameters();
MapperCreationProcessor.java,selectionParameters = mappingOptions.getIterableMapping().getSelectionParameters();,if (mappingOptions != null ) selectionParameters = mappingOptions.getIterableMapping().getSelectionParameters();
MapperCreationProcessor.java,nullValueMappingStrategy = mappingOptions.getIterableMapping().getNullValueMappingStrategy();,if (mappingOptions != null ) nullValueMappingStrategy = mappingOptions.getIterableMapping().getNullValueMappingStrategy();
MapperCreationProcessor.java,StreamMappingMethod.Builder builder = new StreamMappingMethod.Builder();,if (StreamMappingMethod != null ) StreamMappingMethod.Builder builder = new StreamMappingMethod.Builder();
IterableMappingMethod.java,this.overridden = method.overridesMethod();,if (method != null ) this.overridden = method.overridesMethod();
IterableMappingMethod.java,Set<Type> types = super.getImportTypes();,if (super != null ) Set<Type> types = super.getImportTypes();
StreamMappingMethod.java,this.overridden = method.overridesMethod();,if (method != null ) this.overridden = method.overridesMethod();
PropertyMapping.java,MapperConfiguration config = method.getMapperConfiguration();,if (method != null ) MapperConfiguration config = method.getMapperConfiguration();
PropertyMapping.java,String desiredName = first( sourceReference.getPropertyEntries() ).getName();,if () != null ) String desiredName = first( sourceReference.getPropertyEntries() ).getName();
LifecycleCallbackMethodReference.java,this.instanceVariableName = declaringType.getName();,if (declaringType != null ) this.instanceVariableName = declaringType.getName();
PropertyMapping.java,String name = first( sourceReference.getPropertyEntries() ).getName();,if () != null ) String name = first( sourceReference.getPropertyEntries() ).getName();
PropertyMapping.java,Parameter sourceParam = sourceReference.getParameter();,if (sourceReference != null ) Parameter sourceParam = sourceReference.getParameter();
PropertyMapping.java,List<PropertyEntry> propertyEntries = sourceReference.getPropertyEntries();,if (sourceReference != null ) List<PropertyEntry> propertyEntries = sourceReference.getPropertyEntries();
PropertyMapping.java,Parameter sourceParam = sourceReference.getParameter();,if (sourceReference != null ) Parameter sourceParam = sourceReference.getParameter();
PropertyMapping.java,List<PropertyEntry> propertyEntries = sourceReference.getPropertyEntries();,if (sourceReference != null ) List<PropertyEntry> propertyEntries = sourceReference.getPropertyEntries();
Executables.java,ExecutableElement executableInSubtype = it.next();,if (it != null ) ExecutableElement executableInSubtype = it.next();
MappingMethod.java,this.parameters = method.getParameters();,if (method != null ) this.parameters = method.getParameters();
PropertyMapping.java,implementationTypes = targetType.getImplementationType().getImportTypes();,if (targetType != null ) implementationTypes = targetType.getImplementationType().getImportTypes();
PropertyMapping.java,implementationTypes = targetType.getImportTypes();,if (targetType != null ) implementationTypes = targetType.getImportTypes();
GetterWrapperForCollectionsAndMaps.java,List<Type> parentThrownTypes = super.getThrownTypes();,if (super != null ) List<Type> parentThrownTypes = super.getThrownTypes();
PropertyMapping.java,String sourceTypeName = rightHandSide.getSourceType().getName();,if (rightHandSide != null ) String sourceTypeName = rightHandSide.getSourceType().getName();
MapMappingMethod.java,List<Type> resultTypeParams = method.getResultType().getTypeParameters();,if (method != null ) List<Type> resultTypeParams = method.getResultType().getTypeParameters();
PropertyMapping.java,MapperConfiguration config = method.getMapperConfiguration();,if (method != null ) MapperConfiguration config = method.getMapperConfiguration();
PropertyMapping.java,IterableMappingMethod.Builder builder = new IterableMappingMethod.Builder();,if (IterableMappingMethod != null ) IterableMappingMethod.Builder builder = new IterableMappingMethod.Builder();
PropertyMapping.java,MapperConfiguration config = method.getMapperConfiguration();,if (method != null ) MapperConfiguration config = method.getMapperConfiguration();
PropertyMapping.java,MapMappingMethod.Builder builder = new MapMappingMethod.Builder();,if (MapMappingMethod != null ) MapMappingMethod.Builder builder = new MapMappingMethod.Builder();
BeanMappingMethod.java,boolean setViaAnnotation = mapperSettings.isSetUnmappedTargetPolicy();,if (mapperSettings != null ) boolean setViaAnnotation = mapperSettings.isSetUnmappedTargetPolicy();
DefaultAccessorNamingStrategy.java,String methodName = method.getSimpleName().toString();,if (method != null ) String methodName = method.getSimpleName().toString();
PresenceCheckAccessorNamingStrategy.java,String methodName = method.getSimpleName().toString();,if (method != null ) String methodName = method.getSimpleName().toString();
BeanMappingMethod.java,String propertyName = targetProperty.getKey();,if (targetProperty != null ) String propertyName = targetProperty.getKey();
DefaultAccessorNamingStrategy.java,String methodName = method.getSimpleName().toString();,if (method != null ) String methodName = method.getSimpleName().toString();
DefaultAccessorNamingStrategy.java,String methodName = getterOrHasserOrSetterMethod.getSimpleName().toString();,if (getterOrHasserOrSetterMethod != null ) String methodName = getterOrHasserOrSetterMethod.getSimpleName().toString();
DefaultAccessorNamingStrategy.java,String methodName = getterOrSetterMethod.getSimpleName().toString();,if (getterOrSetterMethod != null ) String methodName = getterOrSetterMethod.getSimpleName().toString();
Mappers.java,ClassLoader classLoader = Thread.currentThread().getContextClassLoader();,if (Thread != null ) ClassLoader classLoader = Thread.currentThread().getContextClassLoader();
Mappers.java,classLoader = Mappers.class.getClassLoader();,if (Mappers != null ) classLoader = Mappers.class.getClassLoader();
InnerAnnotationProcessorRunner.java,String fullyQualifiedUrl = classResource.toExternalForm();,if (classResource != null ) String fullyQualifiedUrl = classResource.toExternalForm();
JdkCompilingStatement.java,Boolean compilationSuccessful = task.call();,if (task != null ) Boolean compilationSuccessful = task.call();
MapperCreationProcessor.java,dateFormat = mappingOptions.getIterableMapping().getDateFormat();,if (mappingOptions != null ) dateFormat = mappingOptions.getIterableMapping().getDateFormat();
MapperCreationProcessor.java,keyDateFormat = mappingOptions.getMapMapping().getKeyFormat();,if (mappingOptions != null ) keyDateFormat = mappingOptions.getMapMapping().getKeyFormat();
MapperCreationProcessor.java,valueDateFormat = mappingOptions.getMapMapping().getValueFormat();,if (mappingOptions != null ) valueDateFormat = mappingOptions.getMapMapping().getValueFormat();
PropertyMapping.java,this.qualifiers = selectionParameters.getQualifiers();,if (selectionParameters != null ) this.qualifiers = selectionParameters.getQualifiers();
PropertyMapping.java,this.qualifyingNames = selectionParameters.getQualifyingNames();,if (selectionParameters != null ) this.qualifyingNames = selectionParameters.getQualifyingNames();
PropertyMapping.java,this.resultType = selectionParameters.getResultType();,if (selectionParameters != null ) this.resultType = selectionParameters.getResultType();
MapperCreationProcessor.java,qualifiers = mappingOptions.getIterableMapping().getQualifiers();,if (mappingOptions != null ) qualifiers = mappingOptions.getIterableMapping().getQualifiers();
MapperCreationProcessor.java,qualifyingNames = mappingOptions.getIterableMapping().getQualifyingNames();,if (mappingOptions != null ) qualifyingNames = mappingOptions.getIterableMapping().getQualifyingNames();
MapperCreationProcessor.java,qualifyingElementTargetType = mappingOptions.getIterableMapping().getQualifyingElementTargetType();,if (mappingOptions != null ) qualifyingElementTargetType = mappingOptions.getIterableMapping().getQualifyingElementTargetType();
MapperCreationProcessor.java,keyQualifiers = mappingOptions.getMapMapping().getKeyQualifiers();,if (mappingOptions != null ) keyQualifiers = mappingOptions.getMapMapping().getKeyQualifiers();
MapperCreationProcessor.java,keyQualifyingNames = mappingOptions.getMapMapping().getKeyQualifyingNames();,if (mappingOptions != null ) keyQualifyingNames = mappingOptions.getMapMapping().getKeyQualifyingNames();
MapperCreationProcessor.java,valueQualifiers = mappingOptions.getMapMapping().getValueQualifiers();,if (mappingOptions != null ) valueQualifiers = mappingOptions.getMapMapping().getValueQualifiers();
MapperCreationProcessor.java,valueQualifyingNames = mappingOptions.getMapMapping().getValueQualifyingNames();,if (mappingOptions != null ) valueQualifyingNames = mappingOptions.getMapMapping().getValueQualifyingNames();
MapperCreationProcessor.java,keyQualifyingTargetType = mappingOptions.getMapMapping().getKeyQualifyingTargetType();,if (mappingOptions != null ) keyQualifyingTargetType = mappingOptions.getMapMapping().getKeyQualifyingTargetType();
MapperCreationProcessor.java,valueQualifyingTargetType = mappingOptions.getMapMapping().getValueQualifyingTargetType();,if (mappingOptions != null ) valueQualifyingTargetType = mappingOptions.getMapMapping().getValueQualifyingTargetType();
MapperCreationProcessor.java,resultType = mappingOptions.getBeanMapping().getResultType();,if (mappingOptions != null ) resultType = mappingOptions.getBeanMapping().getResultType();
MapperCreationProcessor.java,qualifiers = mappingOptions.getBeanMapping().getQualifiers();,if (mappingOptions != null ) qualifiers = mappingOptions.getBeanMapping().getQualifiers();
MapperCreationProcessor.java,qualifyingNames = mappingOptions.getBeanMapping().getQualifyingNames();,if (mappingOptions != null ) qualifyingNames = mappingOptions.getBeanMapping().getQualifyingNames();
MappingResolverImpl.java,this.savedPreferUpdateMapping = criteria.isPreferUpdateMapping();,if (criteria != null ) this.savedPreferUpdateMapping = criteria.isPreferUpdateMapping();
QualifierSelector.java,List<TypeMirror> qualifiers = criteria.getQualifiers();,if (criteria != null ) List<TypeMirror> qualifiers = criteria.getQualifiers();
MappingResolverImpl.java,this.savedPreferUpdateMapping = criteria.isPreferUpdateMapping();,if (criteria != null ) this.savedPreferUpdateMapping = criteria.isPreferUpdateMapping();
BuiltInTest.java,DateFormat df = SimpleDateFormat.getInstance();,if (SimpleDateFormat != null ) DateFormat df = SimpleDateFormat.getInstance();
BeanMappingMethod.java,TypeElement sourceType = sourceParameter.getType().getTypeElement();,if (sourceParameter != null ) TypeElement sourceType = sourceParameter.getType().getTypeElement();
MapperConfiguration.java,TypeMirror typeMirror = mapperPrism.config();,if (mapperPrism != null ) TypeMirror typeMirror = mapperPrism.config();
XmlElementDeclSelector.java,TypeMirror target = sourceMappingMethod.getExecutable().getReturnType();,if (sourceMappingMethod != null ) TypeMirror target = sourceMappingMethod.getExecutable().getReturnType();
Type.java,String wildCardName = wildCardType.toString();,if (wildCardType != null ) String wildCardName = wildCardType.toString();
AnnotationProcessorTestRunner.java,String fullyQualifiedUrl = classResource.toExternalForm();,if (classResource != null ) String fullyQualifiedUrl = classResource.toExternalForm();
CompilingStatement.java,compiler = ToolProvider.getSystemJavaCompiler();,if (ToolProvider != null ) compiler = ToolProvider.getSystemJavaCompiler();
MappingMethod.java,this.staticMethodFromInterfaceType = method.getStaticMethodFromInterfaceType();,if (method != null ) this.staticMethodFromInterfaceType = method.getStaticMethodFromInterfaceType();
MethodRetrievalProcessor.java,Element enclosingElement = method.getEnclosingElement();,if (method != null ) Element enclosingElement = method.getEnclosingElement();
MappingMethod.java,this.name = method.getName();,if (method != null ) this.name = method.getName();
MappingMethod.java,this.parameters = method.getParameters();,if (method != null ) this.parameters = method.getParameters();
MappingMethod.java,this.returnType = method.getReturnType();,if (method != null ) this.returnType = method.getReturnType();
MappingMethod.java,this.targetParameter = method.getMappingTargetParameter();,if (method != null ) this.targetParameter = method.getMappingTargetParameter();
MappingMethod.java,this.accessibility = method.getAccessibility();,if (method != null ) this.accessibility = method.getAccessibility();
MappingMethod.java,this.thrownTypes = method.getThrownTypes();,if (method != null ) this.thrownTypes = method.getThrownTypes();
MappingMethod.java,this.isStatic = method.isStatic();,if (method != null ) this.isStatic = method.isStatic();
SetterWrapperForCollectionsAndMaps.java,AccessorNamingStrategy accessorNamingStrategy = Services.getAccessorNamingStrategy();,if (Services != null ) AccessorNamingStrategy accessorNamingStrategy = Services.getAccessorNamingStrategy();
Executables.java,String name = method.getSimpleName().toString();,if (method != null ) String name = method.getSimpleName().toString();
Executables.java,String name = method.getSimpleName().toString();,if (method != null ) String name = method.getSimpleName().toString();
Executables.java,String name = method.getSimpleName().toString();,if (method != null ) String name = method.getSimpleName().toString();
Executables.java,String name = method.getSimpleName().toString();,if (method != null ) String name = method.getSimpleName().toString();
MethodReference.java,this.exceptionTypes = method.getThrownTypes();,if (method != null ) this.exceptionTypes = method.getThrownTypes();
MethodReference.java,this.exceptionTypes = Collections.emptyList();,if (Collections != null ) this.exceptionTypes = Collections.emptyList();
AdderWrapper.java,List<Type> parentExceptionTypes = super.getExceptionTypes();,if (super != null ) List<Type> parentExceptionTypes = super.getExceptionTypes();
GetterWrapperForCollectionsAndMaps.java,List<Type> parentExceptionTypes = super.getExceptionTypes();,if (super != null ) List<Type> parentExceptionTypes = super.getExceptionTypes();
LocalVarWrapper.java,List<Type> parentExceptionTypes = super.getExceptionTypes();,if (super != null ) List<Type> parentExceptionTypes = super.getExceptionTypes();
SetterWrapper.java,List<Type> parentExceptionTypes = super.getExceptionTypes();,if (super != null ) List<Type> parentExceptionTypes = super.getExceptionTypes();
UpdateWrapper.java,List<Type> parentExceptionTypes = super.getExceptionTypes();,if (super != null ) List<Type> parentExceptionTypes = super.getExceptionTypes();
IterableMappingMethod.java,Type sourceParameterType = first( method.getSourceParameters() ).getType();,if () != null ) Type sourceParameterType = first( method.getSourceParameters() ).getType();
IterableMappingMethod.java,Type resultType = method.getResultType();,if (method != null ) Type resultType = method.getResultType();
SourceReference.java,List<ExecutableElement> getters = newType.getGetters();,if (newType != null ) List<ExecutableElement> getters = newType.getGetters();
MappingResolverImpl.java,resultType = beanMapping.getResultType();,if (beanMapping != null ) resultType = beanMapping.getResultType();
MappingResolverImpl.java,qualifiers = beanMapping.getQualifiers();,if (beanMapping != null ) qualifiers = beanMapping.getQualifiers();
BeanMappingMethod.java,CollectionMappingStrategyPrism cms = sourceMethod.getConfig().getCollectionMappingStrategy();,if (sourceMethod != null ) CollectionMappingStrategyPrism cms = sourceMethod.getConfig().getCollectionMappingStrategy();
Mapping.java,CollectionMappingStrategyPrism cms = method.getConfig().getCollectionMappingStrategy();,if (method != null ) CollectionMappingStrategyPrism cms = method.getConfig().getCollectionMappingStrategy();
SourceMethod.java,Type sourceType = sourceParam.getType();,if (sourceParam != null ) Type sourceType = sourceParam.getType();
SourceMethod.java,Type sourceType = sourceParam.getType();,if (sourceParam != null ) Type sourceType = sourceParam.getType();
MapperCreationProcessor.java,dateFormat = method.getIterableMapping().getDateFormat();,if (method != null ) dateFormat = method.getIterableMapping().getDateFormat();
MapperCreationProcessor.java,qualifiers = method.getIterableMapping().getQualifiers();,if (method != null ) qualifiers = method.getIterableMapping().getQualifiers();
MapperCreationProcessor.java,qualifyingElementTargetType = method.getIterableMapping().getQualifyingElementTargetType();,if (method != null ) qualifyingElementTargetType = method.getIterableMapping().getQualifyingElementTargetType();
MapperCreationProcessor.java,keyDateFormat = method.getMapMapping().getKeyFormat();,if (method != null ) keyDateFormat = method.getMapMapping().getKeyFormat();
MapperCreationProcessor.java,valueDateFormat = method.getMapMapping().getValueFormat();,if (method != null ) valueDateFormat = method.getMapMapping().getValueFormat();
MapperCreationProcessor.java,keyQualifiers = method.getMapMapping().getKeyQualifiers();,if (method != null ) keyQualifiers = method.getMapMapping().getKeyQualifiers();
MapperCreationProcessor.java,valueQualifiers = method.getMapMapping().getValueQualifiers();,if (method != null ) valueQualifiers = method.getMapMapping().getValueQualifiers();
MapperCreationProcessor.java,keyQualifyingTargetType = method.getMapMapping().getKeyQualifyingTargetType();,if (method != null ) keyQualifyingTargetType = method.getMapMapping().getKeyQualifyingTargetType();
MapperCreationProcessor.java,valueQualifyingTargetType = method.getMapMapping().getValueQualifyingTargetType();,if (method != null ) valueQualifyingTargetType = method.getMapMapping().getValueQualifyingTargetType();
MappingMethod.java,this.targetParameter = method.getTargetParameter();,if (method != null ) this.targetParameter = method.getTargetParameter();
MethodMatcher.java,TypeMirror candidateReturnType = candidateMethod.getExecutable().getReturnType();,if (candidateMethod != null ) TypeMirror candidateReturnType = candidateMethod.getExecutable().getReturnType();
BuiltInMethod.java,Type sourceType = sourceTypes.iterator().next();,if (sourceTypes != null ) Type sourceType = sourceTypes.iterator().next();
MappingResolverImpl.java,qualifyingResultTypeMirror = beanMappingPrism.resultType();,if (beanMappingPrism != null ) qualifyingResultTypeMirror = beanMappingPrism.resultType();
PropertyMapping.java,IterableMappingMethod.Builder builder = new IterableMappingMethod.Builder();,if (IterableMappingMethod != null ) IterableMappingMethod.Builder builder = new IterableMappingMethod.Builder();
Executables.java,TypeElement declaringType = (TypeElement) executableInSubtype.getEnclosingElement();,if (executableInSubtype != null ) TypeElement declaringType = (TypeElement) executableInSubtype.getEnclosingElement();
QualifierSelector.java,Type mapper = candidate.getDeclaringMapper();,if (candidate != null ) Type mapper = candidate.getDeclaringMapper();
MethodRetrievalProcessor.java,ExecutableElement executableInSubtype = alreadyAdded.getExecutable();,if (alreadyAdded != null ) ExecutableElement executableInSubtype = alreadyAdded.getExecutable();
MethodRetrievalProcessor.java,TypeElement declaringType = (TypeElement) executableInSubtype.getEnclosingElement();,if (executableInSubtype != null ) TypeElement declaringType = (TypeElement) executableInSubtype.getEnclosingElement();
BeanMappingMethod.java,Collection<TargetProperty> targetProperties = remainingTargetProperties.values();,if (remainingTargetProperties != null ) Collection<TargetProperty> targetProperties = remainingTargetProperties.values();
BeanMappingMethod.java,PropertyMapping.PropertyMappingBuilder builder = new PropertyMapping.PropertyMappingBuilder();,if (PropertyMapping != null ) PropertyMapping.PropertyMappingBuilder builder = new PropertyMapping.PropertyMappingBuilder();
BeanMappingMethod.java,PropertyMapping.PropertyMappingBuilder builder = new PropertyMapping.PropertyMappingBuilder();,if (PropertyMapping != null ) PropertyMapping.PropertyMappingBuilder builder = new PropertyMapping.PropertyMappingBuilder();
BeanMappingMethod.java,List<ExecutableElement> getters = parameter.getType().getGetters();,if (parameter != null ) List<ExecutableElement> getters = parameter.getType().getGetters();
PropertyMapping.java,dateFormat = mapping.getDateFormat();,if (mapping != null ) dateFormat = mapping.getDateFormat();
PropertyMapping.java,qualifiers = mapping.getQualifiers();,if (mapping != null ) qualifiers = mapping.getQualifiers();
PropertyMapping.java,List<ExecutableElement> sourceGetters = parameter.getType().getGetters();,if (parameter != null ) List<ExecutableElement> sourceGetters = parameter.getType().getGetters();
MapperCreationProcessor.java,Mapping reversed = forwardMapping.reverse();,if (forwardMapping != null ) Mapping reversed = forwardMapping.reverse();
EnumMappingMethod.java,Set<String> mappedSourceEnumConstants = method.getMappings().keySet();,if (method != null ) Set<String> mappedSourceEnumConstants = method.getMappings().keySet();
MapperCreationProcessor.java,Mapping reverseMapping = mapping.reverse();,if (mapping != null ) Mapping reverseMapping = mapping.reverse();
PropertyMapping.java,sourcePropertyName = mapping.getSourcePropertyName();,if (mapping != null ) sourcePropertyName = mapping.getSourcePropertyName();
MapperCreationProcessor.java,String configuredBy = reversePrism.configuredBy();,if (reversePrism != null ) String configuredBy = reversePrism.configuredBy();
MapperCreationProcessor.java,String configuredBy = reversePrism.configuredBy();,if (reversePrism != null ) String configuredBy = reversePrism.configuredBy();
MappingResolverImpl.java,this.mapperReferences = mappingContext.getMapperReferences();,if (mappingContext != null ) this.mapperReferences = mappingContext.getMapperReferences();
MappingResolverImpl.java,this.methods = mappingContext.getSourceModel();,if (mappingContext != null ) this.methods = mappingContext.getSourceModel();
MapperCreationProcessor.java,boolean setViaAnnotation = mapperSettings.isSetUnmappedTargetPolicy();,if (mapperSettings != null ) boolean setViaAnnotation = mapperSettings.isSetUnmappedTargetPolicy();
MapperCreationProcessor.java,dateFormat = mapping.getDateFormat();,if (mapping != null ) dateFormat = mapping.getDateFormat();
MapperCreationProcessor.java,qualifiers = mapping.getQualifiers();,if (mapping != null ) qualifiers = mapping.getQualifiers();
MapperCreationProcessor.java,sourcePropertyName = mapping.getSourcePropertyName();,if (mapping != null ) sourcePropertyName = mapping.getSourcePropertyName();
MapperCreationProcessor.java,List<ExecutableElement> sourceGetters = parameter.getType().getGetters();,if (parameter != null ) List<ExecutableElement> sourceGetters = parameter.getType().getGetters();
MapperCreationProcessor.java,List<ExecutableElement> getters = parameter.getType().getGetters();,if (parameter != null ) List<ExecutableElement> getters = parameter.getType().getGetters();
MapperCreationProcessor.java,List<Type> resultTypeParams = method.getResultType().getTypeParameters();,if (method != null ) List<Type> resultTypeParams = method.getResultType().getTypeParameters();
MapperCreationProcessor.java,List<String> targetEnumConstants = method.getReturnType().getEnumConstants();,if (method != null ) List<String> targetEnumConstants = method.getReturnType().getEnumConstants();
MapperCreationProcessor.java,List<String> targetEnumConstants = method.getReturnType().getEnumConstants();,if (method != null ) List<String> targetEnumConstants = method.getReturnType().getEnumConstants();
MapperCreationProcessor.java,Set<String> mappedSourceEnumConstants = method.getMappings().keySet();,if (method != null ) Set<String> mappedSourceEnumConstants = method.getMappings().keySet();
XmlElementDeclSelector.java,TypeMirror target = mappingMethod.getExecutable().getReturnType();,if (mappingMethod != null ) TypeMirror target = mappingMethod.getExecutable().getReturnType();
MapperCreationProcessor.java,isSourceConstant = !mapping.getConstant().isEmpty();,if (!mapping != null ) isSourceConstant = !mapping.getConstant().isEmpty();
MapperCreationProcessor.java,isSourceConstant = !mapping.getExpression().isEmpty();,if (!mapping != null ) isSourceConstant = !mapping.getExpression().isEmpty();
Type.java,String collectionName = Collection.class.getCanonicalName();,if (Collection != null ) String collectionName = Collection.class.getCanonicalName();
JodaTypeToStringConversion.java,String dateFormat = conversionContext.getDateFormat();,if (conversionContext != null ) String dateFormat = conversionContext.getDateFormat();
BeanMappingMethod.java,this.exceptionTypes = method.getExceptionTypes();,if (method != null ) this.exceptionTypes = method.getExceptionTypes();
LocalVarWrapper.java,List<Type> result = super.getExceptionTypes();,if (super != null ) List<Type> result = super.getExceptionTypes();
MethodReference.java,this.exceptionTypes = method.getExceptionTypes();,if (method != null ) this.exceptionTypes = method.getExceptionTypes();
SetterWrapper.java,List<Type> result = super.getExceptionTypes();,if (super != null ) List<Type> result = super.getExceptionTypes();
MethodReference.java,List<Type> exceptions = Collections.emptyList();,if (Collections != null ) List<Type> exceptions = Collections.emptyList();
MethodReference.java,Set<Type> imported = new HashSet(super.getImportTypes());,if (HashSet(super != null ) Set<Type> imported = new HashSet(super.getImportTypes());
TargetAssignment.java,result = methodReference.toString();,if (methodReference != null ) result = methodReference.toString();
TargetAssignment.java,result = typeConversion.toString();,if (typeConversion != null ) result = typeConversion.toString();
MethodReference.java,Set<Type> imported = super.getImportTypes();,if (super != null ) Set<Type> imported = super.getImportTypes();
MapperCreationProcessor.java,TypeElement parameterElement = parameter.getType().getTypeElement();,if (parameter != null ) TypeElement parameterElement = parameter.getType().getTypeElement();
MapperCreationProcessor.java,TypeElement resultTypeElement = method.getResultType().getTypeElement();,if (method != null ) TypeElement resultTypeElement = method.getResultType().getTypeElement();
MapperCreationProcessor.java,TypeElement parameterTypeElement = parameter.getType().getTypeElement();,if (parameter != null ) TypeElement parameterTypeElement = parameter.getType().getTypeElement();
MapperCreationProcessor.java,TypeElement resultTypeElement = method.getResultType().getTypeElement();,if (method != null ) TypeElement resultTypeElement = method.getResultType().getTypeElement();
CompilingStatement.java,Integer i = threadNumber.get();,if (threadNumber != null ) Integer i = threadNumber.get();
CompilingStatement.java,URLClassLoader classLoader = (URLClassLoader) ClassLoader.getSystemClassLoader();,if (ClassLoader != null ) URLClassLoader classLoader = (URLClassLoader) ClassLoader.getSystemClassLoader();
CompilingStatement.java,CompilationCache cache = compilationCache.get();,if (compilationCache != null ) CompilationCache cache = compilationCache.get();
MapperConfig.java,TypeMirror typeMirror = mapperPrism.mapperConfig();,if (mapperPrism != null ) TypeMirror typeMirror = mapperPrism.mapperConfig();
MapperRenderingProcessor.java,"String fileName = model.getPackageName() + ""."" + model.getImplementationName();","if (model != null ) String fileName = model.getPackageName() + ""."" + model.getImplementationName();"
XmlElementDeclSelector.java,String name = xmlElememtDecl.name();,if (xmlElememtDecl != null ) String name = xmlElememtDecl.name();
XmlElementDeclSelector.java,TypeMirror scope = xmlElememtDecl.scope();,if (xmlElememtDecl != null ) TypeMirror scope = xmlElememtDecl.scope();
XmlElementDeclSelector.java,TypeMirror target = mappingMethod.getExecutable().getReturnType();,if (mappingMethod != null ) TypeMirror target = mappingMethod.getExecutable().getReturnType();
JaxbFactoryMethodSelectionTest.java,OrderShippingDetailsType shippingDetals = target.getShippingDetails().getValue();,if (target != null ) OrderShippingDetailsType shippingDetals = target.getShippingDetails().getValue();
MapperCreationProcessor.java,String name = xmlElememtDecl.name();,if (xmlElememtDecl != null ) String name = xmlElememtDecl.name();
MapperCreationProcessor.java,TypeMirror scope = xmlElememtDecl.scope();,if (xmlElememtDecl != null ) TypeMirror scope = xmlElememtDecl.scope();
MapperCreationProcessor.java,TypeMirror target = mapperMethod.getExecutable().getReturnType();,if (mapperMethod != null ) TypeMirror target = mapperMethod.getExecutable().getReturnType();
FactoryMethod.java,this.name = method.getName();,if (method != null ) this.name = method.getName();
FactoryMethod.java,this.returnType = method.getReturnType();,if (method != null ) this.returnType = method.getReturnType();
FactoryMethod.java,this.declaringMapper = method.getDeclaringMapper();,if (method != null ) this.declaringMapper = method.getDeclaringMapper();
Type.java,qualifiedName = typeElement.getQualifiedName().toString();,if (typeElement != null ) qualifiedName = typeElement.getQualifiedName().toString();
Type.java,name = typeMirror.toString();,if (typeMirror != null ) name = typeMirror.toString();
MappingMethodReference.java,this.declaringMapper = method.getDeclaringMapper();,if (method != null ) this.declaringMapper = method.getDeclaringMapper();
DefaultMapperReference.java,isAnnotatedMapper = type.isAnnotatedMapper();,if (type != null ) isAnnotatedMapper = type.isAnnotatedMapper();
MethodMatcher.java,TypeMirror candidateReturnType = candidateMethod.getExecutable().getReturnType();,if (candidateMethod != null ) TypeMirror candidateReturnType = candidateMethod.getExecutable().getReturnType();
DefaultCollectionImplementationTest.java,Iterable<TargetFoo> fooIterable = target.getFooIterable();,if (target != null ) Iterable<TargetFoo> fooIterable = target.getFooIterable();
Type.java,Package pakkage = clazz.getPackage();,if (clazz != null ) Package pakkage = clazz.getPackage();
MapperCreationProcessor.java,this.typeUtils = context.getTypeUtils();,if (context != null ) this.typeUtils = context.getTypeUtils();
MethodRetrievalProcessor.java,this.typeUtils = context.getTypeUtils();,if (context != null ) this.typeUtils = context.getTypeUtils();
MappingMethod.java,this.singleSourceParameter = method.getSingleSourceParameter();,if (method != null ) this.singleSourceParameter = method.getSingleSourceParameter();
MapperCreationProcessor.java,Parameter singleSourceParam = oneMethod.getSingleSourceParameter();,if (oneMethod != null ) Parameter singleSourceParam = oneMethod.getSingleSourceParameter();
Executables.java,VariableElement parameter = it.next();,if (it != null ) VariableElement parameter = it.next();
Method.java,Parameter param = it.next();,if (it != null ) Parameter param = it.next();
CdiComponentProcessor.java,ListIterator<MapperReference> iterator = mapper.getReferencedMappers().listIterator();,if (mapper != null ) ListIterator<MapperReference> iterator = mapper.getReferencedMappers().listIterator();
CdiComponentProcessor.java,MapperReference reference = iterator.next();,if (iterator != null ) MapperReference reference = iterator.next();
SpringComponentProcessor.java,ListIterator<MapperReference> iterator = mapper.getReferencedMappers().listIterator();,if (mapper != null ) ListIterator<MapperReference> iterator = mapper.getReferencedMappers().listIterator();
SpringComponentProcessor.java,MapperReference reference = iterator.next();,if (iterator != null ) MapperReference reference = iterator.next();
MethodRetrievalProcessor.java,this.typeUtils = context.getTypeUtils();,if (context != null ) this.typeUtils = context.getTypeUtils();
BeanMappingMethod.java,Set<Type> types = super.getReferencedTypes();,if (super != null ) Set<Type> types = super.getReferencedTypes();
MapperCreationProcessor.java,this.typeUtils = processingEnvironment.getTypeUtils();,if (processingEnvironment != null ) this.typeUtils = processingEnvironment.getTypeUtils();
MapperCreationProcessor.java,this.elementUtils = processingEnvironment.getElementUtils();,if (processingEnvironment != null ) this.elementUtils = processingEnvironment.getElementUtils();
MapperCreationProcessor.java,Type targetType = retrieveParameter( setterMethod ).getType();,if () != null ) Type targetType = retrieveParameter( setterMethod ).getType();
MappingMethod.java,this.isIterableMapping = sourceType.isIterableType() && targetType.isIterableType();,if (targetType != null ) this.isIterableMapping = sourceType.isIterableType() && targetType.isIterableType();
BeanMapping.java,this.isIterableMapping = sourceType.isIterableType() && targetType.isIterableType();,if (targetType != null ) this.isIterableMapping = sourceType.isIterableType() && targetType.isIterableType();
Filters.java,String name = method.getSimpleName().toString();,if (method != null ) String name = method.getSimpleName().toString();
Filters.java,String name = method.getSimpleName().toString();,if (method != null ) String name = method.getSimpleName().toString();
MapperGenerationVisitor.java,String name = method.getSimpleName().toString();,if (method != null ) String name = method.getSimpleName().toString();
MapperGenerationVisitor.java,String name = method.getSimpleName().toString();,if (method != null ) String name = method.getSimpleName().toString();
Mappers.java,ClassLoader classLoader = Thread.currentThread().getContextClassLoader();,if (Thread != null ) ClassLoader classLoader = Thread.currentThread().getContextClassLoader();
MapperGenerationVisitor.java,this.typeUtils = processingEnvironment.getTypeUtils();,if (processingEnvironment != null ) this.typeUtils = processingEnvironment.getTypeUtils();
MapperGenerationVisitor.java,this.elementUtils = processingEnvironment.getElementUtils();,if (processingEnvironment != null ) this.elementUtils = processingEnvironment.getElementUtils();
MapperGenerationVisitor.java,String name = method.getSimpleName().toString();,if (method != null ) String name = method.getSimpleName().toString();
MapperGenerationVisitor.java,String name = method.getSimpleName().toString();,if (method != null ) String name = method.getSimpleName().toString();
Type.java,Package pakkage = clazz.getPackage();,if (clazz != null ) Package pakkage = clazz.getPackage();
MapperTestBase.java,compiler = ToolProvider.getSystemJavaCompiler();,if (ToolProvider != null ) compiler = ToolProvider.getSystemJavaCompiler();
MapperTestBase.java,File[] files = path.listFiles();,if (path != null ) File[] files = path.listFiles();
CarMapperTest.java,compiler = ToolProvider.getSystemJavaCompiler();,if (ToolProvider != null ) compiler = ToolProvider.getSystemJavaCompiler();
CarMapperTest.java,File[] files = path.listFiles();,if (path != null ) File[] files = path.listFiles();
