Filename,Buggy/Deleted,Fixed/Added
SyntheticModulesExtension.java,this.outputDirectory = objects.directoryProperty();,if (objects != null ) this.outputDirectory = objects.directoryProperty();
RuntimeDecompiler.java,File file = new File(codeSource.toURI());,if (File(codeSource != null ) File file = new File(codeSource.toURI());
AnnotatedMixinElementHandlerSoftImplements.java,String name = method.getSimpleName().toString();,if (method != null ) String name = method.getSimpleName().toString();
TargetValidator.java,TypeMirror targetType = target.getType();,if (target != null ) TypeMirror targetType = target.getType();
AnnotatedMixin.java,this.primaryTarget = this.initTargets();,if (this != null ) this.primaryTarget = this.initTargets();
MixinServiceLaunchWrapper.java,Profiler profiler = MixinEnvironment.getProfiler();,if (MixinEnvironment != null ) Profiler profiler = MixinEnvironment.getProfiler();
MixinClassGenerator.java,this.profiler = MixinEnvironment.getProfiler();,if (MixinEnvironment != null ) this.profiler = MixinEnvironment.getProfiler();
MixinCoprocessors.java,this.profiler = MixinEnvironment.getProfiler();,if (MixinEnvironment != null ) this.profiler = MixinEnvironment.getProfiler();
MixinProcessor.java,this.profiler = MixinEnvironment.getProfiler();,if (MixinEnvironment != null ) this.profiler = MixinEnvironment.getProfiler();
TargetClassContext.java,this.profiler = MixinEnvironment.getProfiler();,if (MixinEnvironment != null ) this.profiler = MixinEnvironment.getProfiler();
MixinService.java,this.service = this.initService();,if (this != null ) this.service = this.initService();
InnerClassGenerator.java,this.targetName = target.getTargetClassRef();,if (target != null ) this.targetName = target.getTargetClassRef();
MixinApplicatorStandard.java,String nestHostClass = mixin.getNestHostClass();,if (mixin != null ) String nestHostClass = mixin.getNestHostClass();
MixinApplicatorStandard.java,List<String> nestMembers = mixin.getNestMembers();,if (mixin != null ) List<String> nestMembers = mixin.getNestMembers();
MixinCoprocessorAccessor.java,String className = mixin.getClassName();,if (mixin != null ) String className = mixin.getClassName();
MixinInfo.java,MixinPreProcessorStandard preProcessor = type.createPreProcessor(classNode).prepare();,if (type != null ) MixinPreProcessorStandard preProcessor = type.createPreProcessor(classNode).prepare();
MixinTransformationHandler.java,ISyntheticClassInfo syntheticClass = this.registry.findSyntheticClass(classType.getClassName());,if (this != null ) ISyntheticClassInfo syntheticClass = this.registry.findSyntheticClass(classType.getClassName());
MixinTransformationHandler.java,MixinEnvironment environment = MixinEnvironment.getCurrentEnvironment();,if (MixinEnvironment != null ) MixinEnvironment environment = MixinEnvironment.getCurrentEnvironment();
MixinTransformationHandler.java,ISyntheticClassInfo syntheticClass = this.registry.findSyntheticClass(classType.getClassName());,if (this != null ) ISyntheticClassInfo syntheticClass = this.registry.findSyntheticClass(classType.getClassName());
MixinPreProcessorStandard.java,Activity methodActivity = this.activities.begin(mixinMethod.toString());,if (this != null ) Activity methodActivity = this.activities.begin(mixinMethod.toString());
MixinProcessor.java,IMixinErrorHandler handler = (IMixinErrorHandler)handlerClass.newInstance();,if ((IMixinErrorHandler)handlerClass != null ) IMixinErrorHandler handler = (IMixinErrorHandler)handlerClass.newInstance();
MixinServiceModLauncher.java,private ContainerHandleModLauncher rootContainer = new ContainerHandleModLauncher(this.getName());,if (ContainerHandleModLauncher(this != null ) private ContainerHandleModLauncher rootContainer = new ContainerHandleModLauncher(this.getName());
MixinConfig.java,CompatibilityLevel current = MixinEnvironment.getCompatibilityLevel();,if (MixinEnvironment != null ) CompatibilityLevel current = MixinEnvironment.getCompatibilityLevel();
MixinTargetContext.java,CompatibilityLevel compatibilityLevel = MixinEnvironment.getCompatibilityLevel();,if (MixinEnvironment != null ) CompatibilityLevel compatibilityLevel = MixinEnvironment.getCompatibilityLevel();
MixinTransformer.java,classNode.version = MixinEnvironment.getCompatibilityLevel().classVersion();,if (MixinEnvironment != null ) classNode.version = MixinEnvironment.getCompatibilityLevel().classVersion();
ASM.java,ASM.maxVersion = field.getName();,if (field != null ) ASM.maxVersion = field.getName();
SignaturePrinter.java,String typeName = type.getClassName();,if (type != null ) String typeName = type.getClassName();
TargetSelector.java,TNode node = element.get();,if (element != null ) TNode node = element.get();
MemberRef.java,int opcode = MemberRef.opcodeFromTag(this.handle.getTag());,if (MemberRef != null ) int opcode = MemberRef.opcodeFromTag(this.handle.getTag());
MemberRef.java,String name = Bytecode.getOpcodeName(this.getOpcode());,if (Bytecode != null ) String name = Bytecode.getOpcodeName(this.getOpcode());
MixinConnectorManager.java,IMixinConnector connector = connectorClass.newInstance();,if (connectorClass != null ) IMixinConnector connector = connectorClass.newInstance();
MixinContainer.java,IMixinPlatformAgent agent = clazz.newInstance();,if (clazz != null ) IMixinPlatformAgent agent = clazz.newInstance();
MixinEnvironment.java,IEnvironmentTokenProvider provider = providerClass.newInstance();,if (providerClass != null ) IEnvironmentTokenProvider provider = providerClass.newInstance();
PluginHandle.java,plugin = (IMixinConfigPlugin)pluginClass.newInstance();,if ((IMixinConfigPlugin)pluginClass != null ) plugin = (IMixinConfigPlugin)pluginClass.newInstance();
MixinServiceAbstract.java,IMixinPlatformAgent agent = agentClass.newInstance();,if (agentClass != null ) IMixinPlatformAgent agent = agentClass.newInstance();
MixinPlatformAgentFMLLegacy.java,this.clCoreModManager = MixinPlatformAgentFMLLegacy.getCoreModManagerClass();,if (MixinPlatformAgentFMLLegacy != null ) this.clCoreModManager = MixinPlatformAgentFMLLegacy.getCoreModManagerClass();
MixinTransformationHandler.java,this.registry = transformer.getExtensions().getSyntheticClassRegistry();,if (transformer != null ) this.registry = transformer.getExtensions().getSyntheticClassRegistry();
AnnotatedMixinElementHandlerInjector.java,String target = member.toCtorType();,if (member != null ) String target = member.toCtorType();
AnnotatedMixinElementHandlerInjector.java,String desc = member.toCtorDesc();,if (member != null ) String desc = member.toCtorDesc();
BeforeInvoke.java,this.context = data.getMixin();,if (data != null ) this.context = data.getMixin();
InjectionInfo.java,int matchCount = selector.getMatchCount();,if (selector != null ) int matchCount = selector.getMatchCount();
InjectionPoint.java,String id = code.value();,if (code != null ) String id = code.value();
InjectionPoint.java,"id = namespace + "":"" + code.value();","if (code != null ) id = namespace + "":"" + code.value();"
MethodSlice.java,String annotation = Bytecode.getSimpleName(owner.getAnnotation());,if (Bytecode != null ) String annotation = Bytecode.getSimpleName(owner.getAnnotation());
MethodSlices.java,AnnotationNode annotation = info.getAnnotation();,if (info != null ) AnnotationNode annotation = info.getAnnotation();
AnnotatedMixinElementHandlerInjector.java,ITargetSelector oldMember = TargetSelector.parse(ex.getOld());,if (TargetSelector != null ) ITargetSelector oldMember = TargetSelector.parse(ex.getOld());
AnnotatedMixinElementHandlerInjector.java,ITargetSelector newMember = TargetSelector.parse(ex.getNew());,if (TargetSelector != null ) ITargetSelector newMember = TargetSelector.parse(ex.getNew());
AccessorGenerator.java,IMixinContext context = this.info.getContext();,if (this != null ) IMixinContext context = this.info.getContext();
Injector.java,IMixinContext mixin = this.info.getContext();,if (this != null ) IMixinContext mixin = this.info.getContext();
RedirectInjector.java,int priority = info.getContext().getPriority();,if (info != null ) int priority = info.getContext().getPriority();
ModifyVariableInjector.java,this.mixin = data.getContext();,if (data != null ) this.mixin = data.getContext();
BeforeFinalReturn.java,this.context = data.getContext();,if (data != null ) this.context = data.getContext();
BeforeInvoke.java,this.context = data.getContext();,if (data != null ) this.context = data.getContext();
BeforeLoadLocal.java,ListIterator<AbstractInsnNode> iter = target.method.instructions.iterator();,if (target != null ) ListIterator<AbstractInsnNode> iter = target.method.instructions.iterator();
ObfuscationDataProvider.java,ObfuscationData<String> obfTargetNames = this.getObfClass(currentTarget.getOwner());,if (this != null ) ObfuscationData<String> obfTargetNames = this.getObfClass(currentTarget.getOwner());
ObfuscationDataProvider.java,TypeHandle superClass = targetType.getSuperclass();,if (targetType != null ) TypeHandle superClass = targetType.getSuperclass();
ObfuscationDataProvider.java,currentTarget = currentTarget.move(superClass.getName());,if (currentTarget != null ) currentTarget = currentTarget.move(superClass.getName());
InjectionInfo.java,String dynamicInfo = this.getDynamicInfo();,if (this != null ) String dynamicInfo = this.getDynamicInfo();
MixinInfo.java,containsNonAccessorMethod |= !method.isAccessor();,if (!method != null ) containsNonAccessorMethod |= !method.isAccessor();
MixinPlatformAgentFMLLegacy.java,this.clCoreModManager = MixinPlatformAgentFMLLegacy.getCoreModManagerClass();,if (MixinPlatformAgentFMLLegacy != null ) this.clCoreModManager = MixinPlatformAgentFMLLegacy.getCoreModManagerClass();
MixinTargetContext.java,MethodNode generated = accessor.generate();,if (accessor != null ) MethodNode generated = accessor.generate();
MappingProviderTSrg.java,"this.inputMappings = Files.readLines(input, Charset.defaultCharset());","if (Charset != null ) this.inputMappings = Files.readLines(input, Charset.defaultCharset());"
RedirectInjector.java,final FieldInsnNode fieldNode = (FieldInsnNode)node.getCurrentTarget();,if ((FieldInsnNode)node != null ) final FieldInsnNode fieldNode = (FieldInsnNode)node.getCurrentTarget();
RedirectInjector.java,final int opCode = fieldNode.getOpcode();,if (fieldNode != null ) final int opCode = fieldNode.getOpcode();
RedirectInjector.java,Type elementType = fieldType.getElementType();,if (fieldType != null ) Type elementType = fieldType.getElementType();
RedirectInjector.java,Extension extraStack = target.extendStack();,if (target != null ) Extension extraStack = target.extendStack();
RedirectInjector.java,Extension extraStack = target.extendStack();,if (target != null ) Extension extraStack = target.extendStack();
RedirectInjector.java,Extension extraStack = target.extendStack();,if (target != null ) Extension extraStack = target.extendStack();
RedirectInjector.java,int marshallVar = target.allocateLocals(fieldType.getSize());,if (target != null ) int marshallVar = target.allocateLocals(fieldType.getSize());
Bytecode.java,size += type.getSize();,if (type != null ) size += type.getSize();
Bytecode.java,pos += type.getSize();,if (type != null ) pos += type.getSize();
InjectionInfo.java,Target target = entry.getKey();,if (entry != null ) Target target = entry.getKey();
MixinServiceLaunchWrapper.java,URLClassLoader appClassLoader = (URLClassLoader)Launch.class.getClassLoader();,if ((URLClassLoader)Launch != null ) URLClassLoader appClassLoader = (URLClassLoader)Launch.class.getClassLoader();
MixinConnectorManager.java,IMixinConnector connector = iterator.next();,if (iterator != null ) IMixinConnector connector = iterator.next();
MixinLaunchPlugin.java,IMixinService service = MixinService.getService();,if (MixinService != null ) IMixinService service = MixinService.getService();
MixinLaunchPlugin.java,IClassBytecodeProvider bytecodeProvider = service.getBytecodeProvider();,if (service != null ) IClassBytecodeProvider bytecodeProvider = service.getBytecodeProvider();
Internals.java,final int length = urlConnection.getContentLength();,if (urlConnection != null ) final int length = urlConnection.getContentLength();
Internals.java,final InputStream is = urlConnection.getInputStream();,if (urlConnection != null ) final InputStream is = urlConnection.getInputStream();
Internals.java,Manifest jarManifest = urlConnection.getJarManifest();,if (urlConnection != null ) Manifest jarManifest = urlConnection.getJarManifest();
Internals.java,this.urlConnection = url.openConnection();,if (url != null ) this.urlConnection = url.openConnection();
Internals.java,this.inputStream = this.urlConnection.getInputStream();,if (this != null ) this.inputStream = this.urlConnection.getInputStream();
Internals.java,Throwable cause = ex.getCause();,if (ex != null ) Throwable cause = ex.getCause();
MixinServiceModLauncher.java,this.classProvider = MixinServiceModLauncher.createClassProvider();,if (MixinServiceModLauncher != null ) this.classProvider = MixinServiceModLauncher.createClassProvider();
MixinServiceModLauncher.java,this.bytecodeProvider = MixinServiceModLauncher.createBytecodeProvider();,if (MixinServiceModLauncher != null ) this.bytecodeProvider = MixinServiceModLauncher.createBytecodeProvider();
MixinServiceModLauncher.java,TransformingClassLoader tcl = Internals.getInstance().getTransformingClassLoader();,if (Internals != null ) TransformingClassLoader tcl = Internals.getInstance().getTransformingClassLoader();
ModLauncherBytecodeProvider.java,String internalName = classType.getInternalName();,if (classType != null ) String internalName = classType.getInternalName();
ModLauncherBytecodeProvider.java,Phase capturePhase = this.captures.get(classType.getInternalName());,if (this != null ) Phase capturePhase = this.captures.get(classType.getInternalName());
ModLauncherClassProvider.java,TransformingClassLoader tcl = this.internals.getTransformingClassLoader();,if (this != null ) TransformingClassLoader tcl = this.internals.getTransformingClassLoader();
AnnotatedMixinElementHandler.java,String signature = reference.toDescriptor();,if (reference != null ) String signature = reference.toDescriptor();
AnnotatedMixinElementHandlerInjector.java,MemberInfo oldMember = MemberInfo.parse(ex.getOld());,if (MemberInfo != null ) MemberInfo oldMember = MemberInfo.parse(ex.getOld());
AnnotatedMixinElementHandlerInjector.java,MemberInfo newMember = MemberInfo.parse(ex.getNew());,if (MemberInfo != null ) MemberInfo newMember = MemberInfo.parse(ex.getNew());
AnnotatedMixinElementHandlerInjector.java,String target = member.toCtorType();,if (member != null ) String target = member.toCtorType();
AnnotatedMixinElementHandlerInjector.java,String desc = member.toCtorDesc();,if (member != null ) String desc = member.toCtorDesc();
ObfuscationServices.java,Collection<ObfuscationTypeDescriptor> obfTypes = service.getObfuscationTypes();,if (service != null ) Collection<ObfuscationTypeDescriptor> obfTypes = service.getObfuscationTypes();
MixinPlatformAgentFMLLegacy.java,this.fileName = this.container.getName();,if (this != null ) this.fileName = this.container.getName();
MixinPlatformAgentFMLLegacy.java,this.clCoreModManager = MixinPlatformAgentFML.getCoreModManagerClass();,if (MixinPlatformAgentFML != null ) this.clCoreModManager = MixinPlatformAgentFML.getCoreModManagerClass();
MixinServiceLaunchWrapper.java,MixinEnvironment environment = MixinEnvironment.getCurrentEnvironment();,if (MixinEnvironment != null ) MixinEnvironment environment = MixinEnvironment.getCurrentEnvironment();
GlobalProperties.java,GlobalProperties.service = serviceLoader.iterator().next();,if (serviceLoader != null ) GlobalProperties.service = serviceLoader.iterator().next();
MixinContainer.java,String launchTarget = agent.getLaunchTarget();,if (agent != null ) String launchTarget = agent.getLaunchTarget();
MixinPlatformManager.java,URI uri = url.toURI();,if (url != null ) URI uri = url.toURI();
MixinPlatformManager.java,String mainClass = container.getLaunchTarget();,if (container != null ) String mainClass = container.getLaunchTarget();
MixinPlatformManager.java,CompatibilityLevel value = CompatibilityLevel.valueOf(level.toUpperCase());,if (CompatibilityLevel != null ) CompatibilityLevel value = CompatibilityLevel.valueOf(level.toUpperCase());
MixinEnvironment.java,MixinLogWatcher.oldLevel = MixinLogWatcher.log.getLevel();,if (MixinLogWatcher != null ) MixinLogWatcher.oldLevel = MixinLogWatcher.log.getLevel();
MixinEnvironment.java,token = token.toUpperCase();,if (token != null ) token = token.toUpperCase();
MixinEnvironment.java,String transformerName = legacyTransformer.getName();,if (legacyTransformer != null ) String transformerName = legacyTransformer.getName();
BeforeNew.java,"MemberInfo member = MemberInfo.parseAndValidate(target, data.getContext());","if (data != null ) MemberInfo member = MemberInfo.parseAndValidate(target, data.getContext());"
BeforeNew.java,this.target = member.toCtorType();,if (member != null ) this.target = member.toCtorType();
BeforeNew.java,this.desc = member.toCtorDesc();,if (member != null ) this.desc = member.toCtorDesc();
InnerClassGenerator.java,ClassReader cr = new ClassReader(info.getClassBytes());,if (ClassReader(info != null ) ClassReader cr = new ClassReader(info.getClassBytes());
MixinApplicatorStandard.java,String targetName = mixin.getTargetClassInfo().getName();,if (mixin != null ) String targetName = mixin.getTargetClassInfo().getName();
MixinApplicatorStandard.java,String targetSuperName = mixin.getTargetClassInfo().getSuperName();,if (mixin != null ) String targetSuperName = mixin.getTargetClassInfo().getSuperName();
MixinConfig.java,this.plugin = (IMixinConfigPlugin)pluginClass.newInstance();,if ((IMixinConfigPlugin)pluginClass != null ) this.plugin = (IMixinConfigPlugin)pluginClass.newInstance();
MixinConfig.java,this.refMapperConfig = this.plugin.getRefMapperConfig();,if (this != null ) this.refMapperConfig = this.plugin.getRefMapperConfig();
MixinInfo.java,ClassNode classNode = state.getClassNode();,if (state != null ) ClassNode classNode = state.getClassNode();
MixinInfo.java,ClassNode classNode = state.getClassNode();,if (state != null ) ClassNode classNode = state.getClassNode();
MixinInfo.java,ClassNode classNode = state.getClassNode();,if (state != null ) ClassNode classNode = state.getClassNode();
MixinInfo.java,this.virtual = this.readPseudo(this.pendingState.getClassNode());,if (this != null ) this.virtual = this.readPseudo(this.pendingState.getClassNode());
MixinPostProcessor.java,MixinMethodNode methodNode = iter.next();,if (iter != null ) MixinMethodNode methodNode = iter.next();
MixinTargetContext.java,AbstractInsnNode insn = iter.next();,if (iter != null ) AbstractInsnNode insn = iter.next();
MixinTransformer.java,this.text = this.name().toLowerCase();,if (this != null ) this.text = this.name().toLowerCase();
MixinTransformer.java,this.lock = this.service.getReEntranceLock();,if (this != null ) this.lock = this.service.getReEntranceLock();
MixinTransformer.java,this.profiler = MixinEnvironment.getProfiler();,if (MixinEnvironment != null ) this.profiler = MixinEnvironment.getProfiler();
MixinTransformer.java,String name = entry.getKey();,if (entry != null ) String name = entry.getKey();
MixinTransformer.java,mixinTime = section.getTotalTime();,if (section != null ) mixinTime = section.getTotalTime();
MixinTransformer.java,MixinEnvironment environment = MixinEnvironment.getCurrentEnvironment();,if (MixinEnvironment != null ) MixinEnvironment environment = MixinEnvironment.getCurrentEnvironment();
MixinTransformer.java,boolean locked = this.lock.push().check();,if (this != null ) boolean locked = this.lock.push().check();
MixinTransformer.java,int unvisitedCount = Mixins.getUnvisitedCount();,if (Mixins != null ) int unvisitedCount = Mixins.getUnvisitedCount();
MixinTransformer.java,long elapsedMs = prepareTimer.getTime();,if (prepareTimer != null ) long elapsedMs = prepareTimer.getTime();
MixinTransformer.java,double elapsedTime = prepareTimer.getSeconds();,if (prepareTimer != null ) double elapsedTime = prepareTimer.getSeconds();
MixinTransformer.java,Config handle = iter.next();,if (iter != null ) Config handle = iter.next();
MixinTransformer.java,MixinConfig config = handle.get();,if (handle != null ) MixinConfig config = handle.get();
MixinTransformer.java,totalMixins += config.getMixinCount();,if (config != null ) totalMixins += config.getMixinCount();
MixinTransformer.java,String message = ex.getMessage();,if (ex != null ) String message = ex.getMessage();
MixinTransformer.java,IMixinConfigPlugin plugin = config.getPlugin();,if (config != null ) IMixinConfigPlugin plugin = config.getPlugin();
MixinTransformer.java,String message = ex.getMessage();,if (ex != null ) String message = ex.getMessage();
MixinTransformer.java,IMixinInfo mixin = ex.getMixin();,if (ex != null ) IMixinInfo mixin = ex.getMixin();
MixinTransformer.java,IMixinConfig config = mixin.getConfig();,if (mixin != null ) IMixinConfig config = mixin.getConfig();
MixinTransformer.java,Phase phase = mixin.getPhase();,if (mixin != null ) Phase phase = mixin.getPhase();
MixinTransformer.java,IMixinErrorHandler handler = (IMixinErrorHandler)handlerClass.newInstance();,if ((IMixinErrorHandler)handlerClass != null ) IMixinErrorHandler handler = (IMixinErrorHandler)handlerClass.newInstance();
MappingMethod.java,String desc = this.getDesc();,if (this != null ) String desc = this.getDesc();
MixinVerifier.java,ClassInfo c = ClassInfo.forType(type).getSuperClass();,if (ClassInfo != null ) ClassInfo c = ClassInfo.forType(type).getSuperClass();
InvokeInjector.java,MethodInsnNode superCall = target.findSuperInitNode();,if (target != null ) MethodInsnNode superCall = target.findSuperInitNode();
InvokeInjector.java,int targetIndex = target.indexOf(node.getCurrentTarget());,if (target != null ) int targetIndex = target.indexOf(node.getCurrentTarget());
MixinApplicatorStandard.java,SignatureVisitor sv = mixin.getSignature().getRemapper();,if (mixin != null ) SignatureVisitor sv = mixin.getSignature().getRemapper();
MixinApplicatorStandard.java,method.signature = sv.toString();,if (sv != null ) method.signature = sv.toString();
MixinEnvironment.java,MixinLogger.oldLevel = MixinLogger.log.getLevel();,if (MixinLogger != null ) MixinLogger.oldLevel = MixinLogger.log.getLevel();
MixinEnvironment.java,MixinLogger.oldLevel = log.getLevel();,if (log != null ) MixinLogger.oldLevel = log.getLevel();
MixinEnvironment.java,oldLevel = log.getLevel();,if (log != null ) oldLevel = log.getLevel();
RedirectInjector.java,final MethodInsnNode methodNode = (MethodInsnNode)node.getCurrentTarget();,if ((MethodInsnNode)node != null ) final MethodInsnNode methodNode = (MethodInsnNode)node.getCurrentTarget();
MixinPlatformManager.java,URL[] sources = MixinService.getService().getClassPath();,if (MixinService != null ) URL[] sources = MixinService.getService().getClassPath();
GlobalProperties.java,Blackboard.service = MixinService.getService();,if (MixinService != null ) Blackboard.service = MixinService.getService();
MixinBootstrap.java,Thread currentThread = Thread.currentThread();,if (Thread != null ) Thread currentThread = Thread.currentThread();
MixinBootstrap.java,StackTraceElement[] stackTrace = currentThread.getStackTrace();,if (currentThread != null ) StackTraceElement[] stackTrace = currentThread.getStackTrace();
MixinService.java,ClassLoader systemClassLoader = ClassLoader.getSystemClassLoader();,if (ClassLoader != null ) ClassLoader systemClassLoader = ClassLoader.getSystemClassLoader();
TargetMap.java,TargetMap map = (TargetMap)objectinputstream.readObject();,if ((TargetMap)objectinputstream != null ) TargetMap map = (TargetMap)objectinputstream.readObject();
Target.java,descriptor += locals[l].getDescriptor();,if (locals[l] != null ) descriptor += locals[l].getDescriptor();
MixinEnvironment.java,String sideName = this.getSideName();,if (this != null ) String sideName = this.getSideName();
MixinEnvironment.java,String sideName = this.getSideName();,if (this != null ) String sideName = this.getSideName();
MixinEnvironment.java,Side side = this.getSide();,if (this != null ) Side side = this.getSide();
MixinEnvironment.java,String transformerName = transformer.getClass().getName();,if (transformer != null ) String transformerName = transformer.getClass().getName();
TreeInfo.java,Profiler profiler = MixinEnvironment.getProfiler();,if (MixinEnvironment != null ) Profiler profiler = MixinEnvironment.getProfiler();
TreeInfo.java,URLClassLoader appClassLoader = (URLClassLoader)Launch.class.getClassLoader();,if ((URLClassLoader)Launch != null ) URLClassLoader appClassLoader = (URLClassLoader)Launch.class.getClassLoader();
TreeInfo.java,MixinEnvironment environment = MixinEnvironment.getCurrentEnvironment();,if (MixinEnvironment != null ) MixinEnvironment environment = MixinEnvironment.getCurrentEnvironment();
MixinApplicatorStandard.java,MixinEnvironment environment = MixinEnvironment.getCurrentEnvironment();,if (MixinEnvironment != null ) MixinEnvironment environment = MixinEnvironment.getCurrentEnvironment();
MixinTargetContext.java,InnerClassGenerator icg = InnerClassGenerator.getInstance();,if (InnerClassGenerator != null ) InnerClassGenerator icg = InnerClassGenerator.getInstance();
MixinTargetContext.java,RemapperChain remapperChain = MixinEnvironment.getCurrentEnvironment().getRemappers();,if (MixinEnvironment != null ) RemapperChain remapperChain = MixinEnvironment.getCurrentEnvironment().getRemappers();
MixinTargetContext.java,RemapperChain remapperChain = MixinEnvironment.getCurrentEnvironment().getRemappers();,if (MixinEnvironment != null ) RemapperChain remapperChain = MixinEnvironment.getCurrentEnvironment().getRemappers();
MixinTransformer.java,MixinEnvironment env = MixinEnvironment.getCurrentEnvironment();,if (MixinEnvironment != null ) MixinEnvironment env = MixinEnvironment.getCurrentEnvironment();
MixinTransformer.java,MixinEnvironment environment = MixinEnvironment.getCurrentEnvironment();,if (MixinEnvironment != null ) MixinEnvironment environment = MixinEnvironment.getCurrentEnvironment();
MixinTransformer.java,this.hotSwapper = this.initHotSwapper();,if (this != null ) this.hotSwapper = this.initHotSwapper();
MixinTransformer.java,MixinEnvironment environment = MixinEnvironment.getCurrentEnvironment();,if (MixinEnvironment != null ) MixinEnvironment environment = MixinEnvironment.getCurrentEnvironment();
MixinPreProcessorStandard.java,methodNode.name = method.getName();,if (method != null ) methodNode.name = method.getName();
MixinPreProcessorStandard.java,fieldNode.name = field.getName();,if (field != null ) fieldNode.name = field.getName();
MixinTransformer.java,long startTime = System.currentTimeMillis();,if (System != null ) long startTime = System.currentTimeMillis();
TypeUtils.java,char[] desc = descriptor.toCharArray();,if (descriptor != null ) char[] desc = descriptor.toCharArray();
ObfuscationEnvironment.java,MappingMethod originalMethod = method.copy();,if (method != null ) MappingMethod originalMethod = method.copy();
ObfuscationEnvironment.java,String remappedOwner = this.getObfClass(methodMapping.getOwner());,if (this != null ) String remappedOwner = this.getObfClass(methodMapping.getOwner());
ObfuscationEnvironment.java,String remappedOwner = this.getObfClass(fieldMapping.getOwner());,if (this != null ) String remappedOwner = this.getObfClass(fieldMapping.getOwner());
TypeHandleSimulated.java,TypeMirror superClass = target.getSuperclass();,if (target != null ) TypeMirror superClass = target.getSuperclass();
MixinPlatformAgentFML.java,this.clCoreModManager = MixinPlatformAgentFML.getCoreModManagerClass();,if (MixinPlatformAgentFML != null ) this.clCoreModManager = MixinPlatformAgentFML.getCoreModManagerClass();
CallbackInjector.java,this.marshallVar = target.allocateLocal();,if (target != null ) this.marshallVar = target.allocateLocal();
Target.java,local += args[arg].getSize();,if (args[arg] != null ) local += args[arg].getSize();
CallbackInjector.java,this.node = node.getCurrentTarget();,if (node != null ) this.node = node.getCurrentTarget();
ClassInfo.java,List<ClassInfo> targets = superClassInfo.getTargets();,if (superClassInfo != null ) List<ClassInfo> targets = superClassInfo.getTargets();
InvokeInjector.java,MethodInsnNode superCall = target.findSuperInitNode();,if (target != null ) MethodInsnNode superCall = target.findSuperInitNode();
InvokeInjector.java,int targetIndex = target.indexOf(node.getCurrentTarget());,if (target != null ) int targetIndex = target.indexOf(node.getCurrentTarget());
ModifyConstantInjectionInfo.java,Condition actual = condition.getEquivalentCondition();,if (condition != null ) Condition actual = condition.getEquivalentCondition();
ModifyConstantInjectionInfo.java,ListIterator<AbstractInsnNode> iter = insns.iterator();,if (insns != null ) ListIterator<AbstractInsnNode> iter = insns.iterator();
ModifyConstantInjectionInfo.java,AbstractInsnNode insn = iter.next();,if (iter != null ) AbstractInsnNode insn = iter.next();
MixinTargetContext.java,this.targetClassInfo = ClassInfo.forName(this.targetClass.getName());,if (ClassInfo != null ) this.targetClassInfo = ClassInfo.forName(this.targetClass.getName());
MixinTargetContext.java,typeInsn.desc = this.targetClass.getName();,if (this != null ) typeInsn.desc = this.targetClass.getName();
TargetClassContext.java,this.classNode.signature = this.signature.toString();,if (this != null ) this.classNode.signature = this.signature.toString();
RedirectInjector.java,MethodInsnNode superCall = target.findSuperInitNode();,if (target != null ) MethodInsnNode superCall = target.findSuperInitNode();
RedirectInjector.java,int targetIndex = target.indexOf(node.getCurrentTarget());,if (target != null ) int targetIndex = target.indexOf(node.getCurrentTarget());
TargetClassContext.java,MixinApplicatorStandard applicator = this.createApplicator();,if (this != null ) MixinApplicatorStandard applicator = this.createApplicator();
RedirectInjector.java,AbstractInsnNode insn = iter.next();,if (iter != null ) AbstractInsnNode insn = iter.next();
MixinApplicatorStandard.java,Iterator<AbstractInsnNode> findReturnIter = method.instructions.iterator();,if (method != null ) Iterator<AbstractInsnNode> findReturnIter = method.instructions.iterator();
MixinApplicatorStandard.java,AbstractInsnNode insn = findReturnIter.next();,if (findReturnIter != null ) AbstractInsnNode insn = findReturnIter.next();
ObfuscationDataProvider.java,currentTarget = currentTarget.move(superClass.getName());,if (currentTarget != null ) currentTarget = currentTarget.move(superClass.getName());
MethodSlice.java,String annotation = ASMHelper.getSimpleName(owner.getAnnotation());,if (ASMHelper != null ) String annotation = ASMHelper.getSimpleName(owner.getAnnotation());
ASMHelper.java,int foundNodes = nodes.size();,if (nodes != null ) int foundNodes = nodes.size();
ModifyConstantInjector.java,final AbstractInsnNode constNode = node.getCurrentTarget();,if (node != null ) final AbstractInsnNode constNode = node.getCurrentTarget();
ObfuscationType.java,String key = config.getKey();,if (config != null ) String key = config.getKey();
TypeUtils.java,Element parent = elem.getEnclosingElement();,if (elem != null ) Element parent = elem.getEnclosingElement();
TypeUtils.java,parent = parent.getEnclosingElement();,if (parent != null ) parent = parent.getEnclosingElement();
BeforeLoadLocal.java,this.returnType = data.getReturnType();,if (data != null ) this.returnType = data.getReturnType();
BeforeFinalReturn.java,this.mixin = data.getMixin();,if (data != null ) this.mixin = data.getMixin();
BeforeNew.java,"MemberInfo member = MemberInfo.parseAndValidate(target, data.getMixin());","if (data != null ) MemberInfo member = MemberInfo.parseAndValidate(target, data.getMixin());"
MethodSlice.java,String annotation = ASMHelper.getSimpleName(info.getAnnotation());,if (ASMHelper != null ) String annotation = ASMHelper.getSimpleName(info.getAnnotation());
MethodSlice.java,MethodNode method = info.getMethod();,if (info != null ) MethodNode method = info.getMethod();
BeforeInvoke.java,this.className = this.getClass().getSimpleName();,if (this != null ) this.className = this.getClass().getSimpleName();
MixinPreProcessorStandard.java,MixinEnvironment env = mixin.getParent().getEnvironment();,if (mixin != null ) MixinEnvironment env = mixin.getParent().getEnvironment();
MixinTransformer.java,MixinEnvironment env = MixinEnvironment.getCurrentEnvironment();,if (MixinEnvironment != null ) MixinEnvironment env = MixinEnvironment.getCurrentEnvironment();
MixinTransformer.java,MixinEnvironment environment = MixinEnvironment.getCurrentEnvironment();,if (MixinEnvironment != null ) MixinEnvironment environment = MixinEnvironment.getCurrentEnvironment();
InjectionPoint.java,List<String> args = Arrays.asList(at.args());,if (Arrays != null ) List<String> args = Arrays.asList(at.args());
TypeHandle.java,TypeMirror superClass = this.element.getSuperclass();,if (this != null ) TypeMirror superClass = this.element.getSuperclass();
TypeUtils.java,Element parent = elem.getEnclosingElement();,if (elem != null ) Element parent = elem.getEnclosingElement();
TypeUtils.java,String returnType = MirrorUtils.getInternalName(method.getReturnType());,if (MirrorUtils != null ) String returnType = MirrorUtils.getInternalName(method.getReturnType());
MirrorUtils.java,Element element = annotation.getAnnotationType().asElement();,if (annotation != null ) Element element = annotation.getAnnotationType().asElement();
MirrorUtils.java,VariableElement varValue = (VariableElement)value.getValue();,if ((VariableElement)value != null ) VariableElement varValue = (VariableElement)value.getValue();
MirrorUtils.java,List<T> unfolded = new ArrayList<T>(list.size());,if (ArrayList<T>(list != null ) List<T> unfolded = new ArrayList<T>(list.size());
AnnotatedMixinElementHandlerInjector.java,String arg = (String)av.getValue();,if ((String)av != null ) String arg = (String)av.getValue();
ASMHelper.java,Iterator<MethodNode> i = clazz.methods.iterator();,if (clazz != null ) Iterator<MethodNode> i = clazz.methods.iterator();
InjectionInfo.java,this.classNode = mixin.getTargetClassNode();,if (mixin != null ) this.classNode = mixin.getTargetClassNode();
MixinInfo.java,this.type = this.initType();,if (this != null ) this.type = this.initType();
AnnotatedMixin.java,TypeHandle primaryTarget = this.initTargets();,if (this != null ) TypeHandle primaryTarget = this.initTargets();
AnnotatedMixin.java,this.targetRef = primaryTarget.getName();,if (primaryTarget != null ) this.targetRef = primaryTarget.getName();
AnnotatedMixinOverwriteHandler.java,String mcpSignature = MirrorUtils.generateSignature(elem.getElement());,if (MirrorUtils != null ) String mcpSignature = MirrorUtils.generateSignature(elem.getElement());
MethodMapper.java,String prefix = InjectionInfo.getInjectorPrefix(method.getInjectorAnnotation());,if (InjectionInfo != null ) String prefix = InjectionInfo.getInjectorPrefix(method.getInjectorAnnotation());
AnnotatedMixinOverwriteHandler.java,String mcpName = method.getSimpleName().toString();,if (method != null ) String mcpName = method.getSimpleName().toString();
ObfuscationEnvironment.java,SrgMethod obfd = this.getObfMethod(method.asSrgMethod());,if (this != null ) SrgMethod obfd = this.getObfMethod(method.asSrgMethod());
ObfuscationEnvironment.java,SrgMethod originalMethod = method.copy();,if (method != null ) SrgMethod originalMethod = method.copy();
ObfuscationEnvironment.java,String remappedOwner = this.getObfClass(fieldMapping.getOwner());,if (this != null ) String remappedOwner = this.getObfClass(fieldMapping.getOwner());
ObfuscationManager.java,TypeHandle superClass = targetType.getSuperclass();,if (targetType != null ) TypeHandle superClass = targetType.getSuperclass();
ObfuscationManager.java,currentTarget = currentTarget.move(superClass.getName());,if (currentTarget != null ) currentTarget = currentTarget.move(superClass.getName());
ObfuscationManager.java,SrgMethod obfMethod = obfMethodData.get(targetEnv.getType());,if (obfMethodData != null ) SrgMethod obfMethod = obfMethodData.get(targetEnv.getType());
ObfuscationManager.java,SrgMethod obfMethod = obfMethodData.get(targetEnv.getType());,if (obfMethodData != null ) SrgMethod obfMethod = obfMethodData.get(targetEnv.getType());
ObfuscationManager.java,String obfField = obfFieldData.get(targetEnv.getType());,if (obfFieldData != null ) String obfField = obfFieldData.get(targetEnv.getType());
ObfuscationManager.java,String remapped = obfClassData.get(targetEnv.getType());,if (obfClassData != null ) String remapped = obfClassData.get(targetEnv.getType());
MemberInfo.java,this.owner = srgMethod.getOwner();,if (srgMethod != null ) this.owner = srgMethod.getOwner();
MemberInfo.java,this.name = srgMethod.getSimpleName();,if (srgMethod != null ) this.name = srgMethod.getSimpleName();
MemberInfo.java,this.desc = srgMethod.getDesc();,if (srgMethod != null ) this.desc = srgMethod.getDesc();
MemberInfo.java,this.name = srgMethod.getSimpleName();,if (srgMethod != null ) this.name = srgMethod.getSimpleName();
MemberInfo.java,this.desc = srgMethod.getDesc();,if (srgMethod != null ) this.desc = srgMethod.getDesc();
MixinTransformer.java,boolean locked = this.lock.push().isSet();,if (this != null ) boolean locked = this.lock.push().isSet();
ClassInfo.java,ClassInfo superClass = this.getSuperClass();,if (this != null ) ClassInfo superClass = this.getSuperClass();
ClassInfo.java,superClass = superClass.getSuperClass();,if (superClass != null ) superClass = superClass.getSuperClass();
ClassInfo.java,ClassInfo superClass = this.getSuperClass();,if (this != null ) ClassInfo superClass = this.getSuperClass();
ClassInfo.java,superClass = superClass.getSuperClass();,if (superClass != null ) superClass = superClass.getSuperClass();
MixinConfig.java,selector = selector.trim();,if (selector != null ) selector = selector.trim();
MixinPreProcessorStandard.java,mixinMethod.name = parentMethod.getName();,if (parentMethod != null ) mixinMethod.name = parentMethod.getName();
LaunchClassLoaderUtil.java,ClassLoader parent = this.classLoader.getClass().getClassLoader();,if (this != null ) ClassLoader parent = this.classLoader.getClass().getClassLoader();
MixinTweaker.java,URI uri = url.toURI();,if (url != null ) URI uri = url.toURI();
MixinTweaker.java,String mainClass = container.getLaunchTarget();,if (container != null ) String mainClass = container.getLaunchTarget();
MixinTweaker.java,CompatibilityLevel value = CompatibilityLevel.valueOf(level.toUpperCase());,if (CompatibilityLevel != null ) CompatibilityLevel value = CompatibilityLevel.valueOf(level.toUpperCase());
MixinPlatformAgentFML.java,this.clCoreModManager = MixinLaunchAgentFML.getCoreModManagerClass();,if (MixinLaunchAgentFML != null ) this.clCoreModManager = MixinLaunchAgentFML.getCoreModManagerClass();
Mixins.java,MixinEnvironment env = config.getEnvironment();,if (config != null ) MixinEnvironment env = config.getEnvironment();
MixinPreProcessorStandard.java,MethodNode mixinMethod = iter.next();,if (iter != null ) MethodNode mixinMethod = iter.next();
InjectionInfo.java,this.classNode = mixin.getTargetClass();,if (mixin != null ) this.classNode = mixin.getTargetClass();
MixinInfo.java,this.phase = MixinEnvironment.getCurrentEnvironment().getPhase();,if (MixinEnvironment != null ) this.phase = MixinEnvironment.getCurrentEnvironment().getPhase();
MixinPreProcessorStandard.java,RemapperChain remapperChain = MixinEnvironment.getCurrentEnvironment().getRemappers();,if (MixinEnvironment != null ) RemapperChain remapperChain = MixinEnvironment.getCurrentEnvironment().getRemappers();
MixinPreProcessorStandard.java,String alias = aliases.poll();,if (aliases != null ) String alias = aliases.poll();
MixinPreProcessorStandard.java,RemapperChain remapperChain = MixinEnvironment.getCurrentEnvironment().getRemappers();,if (MixinEnvironment != null ) RemapperChain remapperChain = MixinEnvironment.getCurrentEnvironment().getRemappers();
MixinPreProcessorStandard.java,String alias = aliases.poll();,if (aliases != null ) String alias = aliases.poll();
MixinConfig.java,VersionNumber curVersion = VersionNumber.parse(env.getVersion());,if (VersionNumber != null ) VersionNumber curVersion = VersionNumber.parse(env.getVersion());
MixinInfo.java,this.isInterfaceMixin = this.info.isInterface();,if (this != null ) this.isInterfaceMixin = this.info.isInterface();
MixinInfo.java,boolean targetIsInterface = targetInfo.isInterface();,if (targetInfo != null ) boolean targetIsInterface = targetInfo.isInterface();
MixinTransformer.java,List<String> configs = environment.getMixinConfigs();,if (environment != null ) List<String> configs = environment.getMixinConfigs();
MixinTransformer.java,MixinInfo mixin = ex.getMixin();,if (ex != null ) MixinInfo mixin = ex.getMixin();
MixinTransformer.java,MixinConfig config = mixin.getParent();,if (mixin != null ) MixinConfig config = mixin.getParent();
TargetClassContext.java,MixinApplicator applicator = this.createApplicator();,if (this != null ) MixinApplicator applicator = this.createApplicator();
InvalidMixinException.java,this.mixin = mixin.getInfo();,if (mixin != null ) this.mixin = mixin.getInfo();
InvalidMixinException.java,this.mixin = mixin.getInfo();,if (mixin != null ) this.mixin = mixin.getInfo();
InvalidMixinException.java,this.mixin = mixin.getInfo();,if (mixin != null ) this.mixin = mixin.getInfo();
ObfuscationManager.java,String remapped = remappedReference.toString();,if (remappedReference != null ) String remapped = remappedReference.toString();
RedirectInjector.java,MethodInsnNode methodNode = (MethodInsnNode)node.getCurrentTarget();,if ((MethodInsnNode)node != null ) MethodInsnNode methodNode = (MethodInsnNode)node.getCurrentTarget();
RedirectInjector.java,FieldInsnNode fieldNode = (FieldInsnNode)node.getCurrentTarget();,if ((FieldInsnNode)node != null ) FieldInsnNode fieldNode = (FieldInsnNode)node.getCurrentTarget();
MixinInfo.java,this.isInterfaceMixin = this.info.isInterface();,if (this != null ) this.isInterfaceMixin = this.info.isInterface();
MixinTransformer.java,int totalMixins = this.initConfigs();,if (this != null ) int totalMixins = this.initConfigs();
MixinTransformer.java,MixinInfo mixin = th.getMixin();,if (th != null ) MixinInfo mixin = th.getMixin();
PrettyPrinter.java,int len = line.length();,if (line != null ) int len = line.length();
PrettyPrinter.java,int len = line.length();,if (line != null ) int len = line.length();
MixinApplicator.java,this.targetName = context.getName();,if (context != null ) this.targetName = context.getName();
MixinTargetContext.java,this.targetClass = context.getClassNode();,if (context != null ) this.targetClass = context.getClassNode();
MixinApplicator.java,this.sessionId = context.getSessionId();,if (context != null ) this.sessionId = context.getSessionId();
RedirectInjector.java,this.priority = info.getContext().getPriority();,if (info != null ) this.priority = info.getContext().getPriority();
MixinTargetContext.java,FieldNode shadowField = shadow.getKey();,if (shadow != null ) FieldNode shadowField = shadow.getKey();
ObfuscationManager.java,MethodData obfMethod = obfMethodData.get(targetEnv.getType());,if (obfMethodData != null ) MethodData obfMethod = obfMethodData.get(targetEnv.getType());
ObfuscationManager.java,MethodData obfMethod = obfMethodData.get(targetEnv.getType());,if (obfMethodData != null ) MethodData obfMethod = obfMethodData.get(targetEnv.getType());
TargetObfuscationEnvironment.java,MethodData obfd = this.getObfMethod(method.asMethodData());,if (this != null ) MethodData obfd = this.getObfMethod(method.asMethodData());
MemberInfo.java,this.owner = methodData.getOwner();,if (methodData != null ) this.owner = methodData.getOwner();
MemberInfo.java,this.name = methodData.getSimpleName();,if (methodData != null ) this.name = methodData.getSimpleName();
MemberInfo.java,this.desc = methodData.getDesc();,if (methodData != null ) this.desc = methodData.getDesc();
MemberInfo.java,this.name = methodData.getSimpleName();,if (methodData != null ) this.name = methodData.getSimpleName();
MemberInfo.java,this.desc = methodData.getDesc();,if (methodData != null ) this.desc = methodData.getDesc();
AnnotatedMixin.java,this.originalName = element.getSimpleName().toString();,if (element != null ) this.originalName = element.getSimpleName().toString();
AnnotatedMixin.java,name = name.substring(this.prefix.length());,if (name != null ) name = name.substring(this.prefix.length());
AnnotatedMixin.java,String mcpName = method.getSimpleName().toString();,if (method != null ) String mcpName = method.getSimpleName().toString();
AnnotatedMixin.java,String fieldType = field.asType().toString();,if (field != null ) String fieldType = field.asType().toString();
AnnotatedMixin.java,List<String> aliases = name.getAliases();,if (name != null ) List<String> aliases = name.getAliases();
AnnotatedMixin.java,String signature = reference.toDescriptor();,if (reference != null ) String signature = reference.toDescriptor();
AnnotatedMixin.java,String arg = (String)av.getValue();,if ((String)av != null ) String arg = (String)av.getValue();
AnnotatedMixins.java,TypeHandle superClass = targetType.getSuperclass();,if (targetType != null ) TypeHandle superClass = targetType.getSuperclass();
AnnotatedMixins.java,currentTarget = currentTarget.move(superClass.getName());,if (currentTarget != null ) currentTarget = currentTarget.move(superClass.getName());
AnnotatedMixins.java,MethodData obfMethod = obfMethodData.get(targetEnv.getType());,if (obfMethodData != null ) MethodData obfMethod = obfMethodData.get(targetEnv.getType());
AnnotatedMixins.java,MethodData obfMethod = obfMethodData.get(targetEnv.getType());,if (obfMethodData != null ) MethodData obfMethod = obfMethodData.get(targetEnv.getType());
AnnotatedMixins.java,String obfField = obfFieldData.get(targetEnv.getType());,if (obfFieldData != null ) String obfField = obfFieldData.get(targetEnv.getType());
AnnotatedMixins.java,String remapped = remappedReference.toString();,if (remappedReference != null ) String remapped = remappedReference.toString();
AnnotatedMixins.java,String remapped = obfClassData.get(targetEnv.getType());,if (obfClassData != null ) String remapped = obfClassData.get(targetEnv.getType());
AnnotatedMixins.java,ObfuscationData<MethodData> obfMethodData = this.getObfMethod(targetMember.asMethodData());,if (this != null ) ObfuscationData<MethodData> obfMethodData = this.getObfMethod(targetMember.asMethodData());
AnnotatedMixins.java,targetMember = targetMember.move(superClass.getName());,if (targetMember != null ) targetMember = targetMember.move(superClass.getName());
AnnotatedMixins.java,obfMethodData = this.getObfMethod(targetMember.asMethodData());,if (this != null ) obfMethodData = this.getObfMethod(targetMember.asMethodData());
AnnotatedMixins.java,ObfuscationData<String> obfFieldData = this.getObfField(targetMember.toSrg());,if (this != null ) ObfuscationData<String> obfFieldData = this.getObfField(targetMember.toSrg());
AnnotatedMixins.java,TypeHandle superClass = targetType.getSuperclass();,if (targetType != null ) TypeHandle superClass = targetType.getSuperclass();
AnnotatedMixins.java,targetMember = targetMember.move(superClass.getName());,if (targetMember != null ) targetMember = targetMember.move(superClass.getName());
AnnotatedMixins.java,obfFieldData = this.getObfField(targetMember.toSrg());,if (this != null ) obfFieldData = this.getObfField(targetMember.toSrg());
AnnotatedMixin.java,ObfuscationData<String> obfFieldData = this.mixins.getObfField(targetMember.toSrg());,if (this != null ) ObfuscationData<String> obfFieldData = this.mixins.getObfField(targetMember.toSrg());
AnnotatedMixin.java,TypeHandle superClass = targetType.getSuperclass();,if (targetType != null ) TypeHandle superClass = targetType.getSuperclass();
AnnotatedMixin.java,targetMember = targetMember.move(superClass.getName());,if (targetMember != null ) targetMember = targetMember.move(superClass.getName());
AnnotatedMixin.java,obfFieldData = this.mixins.getObfField(targetMember.toSrg());,if (this != null ) obfFieldData = this.mixins.getObfField(targetMember.toSrg());
InjectionInfo.java,this.requiredCallbackCount = mixin.getDefaultRequiredInjections();,if (mixin != null ) this.requiredCallbackCount = mixin.getDefaultRequiredInjections();
InjectorGroupInfo.java,int required = this.getRequired();,if (this != null ) int required = this.getRequired();
ClassInfo.java,"ClassInfo found = superTarget.findSuperClass(superClass, traversal.next());","if (traversal != null ) ClassInfo found = superTarget.findSuperClass(superClass, traversal.next());"
AnnotatedMixin.java,ObfuscationData<String> obfFieldData = this.mixins.getObfField(targetMember.toSrg());,if (this != null ) ObfuscationData<String> obfFieldData = this.mixins.getObfField(targetMember.toSrg());
AnnotatedMixin.java,String obfField = this.mixins.getObfField(targetMember.toSrg());,if (this != null ) String obfField = this.mixins.getObfField(targetMember.toSrg());
AnnotatedMixins.java,Filer filer = this.processingEnv.getFiler();,if (this != null ) Filer filer = this.processingEnv.getFiler();
AnnotatedMixins.java,MethodData obfd = this.getObfMethod(method.asMethodData());,if (this != null ) MethodData obfd = this.getObfMethod(method.asMethodData());
AnnotatedMixins.java,TypeMirror superClass = type.getElement().getSuperclass();,if (type != null ) TypeMirror superClass = type.getElement().getSuperclass();
MixinEnvironment.java,final Filter filter = iter.next();,if (iter != null ) final Filter filter = iter.next();
MixinTransformerModuleInterfaceChecker.java,Set<Method> interfaceMethods = targetClassInfo.getInterfaceMethods();,if (targetClassInfo != null ) Set<Method> interfaceMethods = targetClassInfo.getInterfaceMethods();
MixinTargetContext.java,insn.owner = superMethod.getOwner().getName();,if (superMethod != null ) insn.owner = superMethod.getOwner().getName();
MixinEnvironment.java,Side side = this.getSide();,if (this != null ) Side side = this.getSide();
MixinEnvironment.java,String codeSource = this.getCodeSource();,if (this != null ) String codeSource = this.getCodeSource();
MixinTweaker.java,this.container = this.findJarFile();,if (this != null ) this.container = this.findJarFile();
MixinTweaker.java,this.fmlWrapper = this.initFMLCoreMod();,if (this != null ) this.fmlWrapper = this.initFMLCoreMod();
MixinTweaker.java,String jarName = this.container.getName();,if (this != null ) String jarName = this.container.getName();
MixinTweaker.java,Attributes manifestAttributes = jarFile.getManifest().getMainAttributes();,if (jarFile != null ) Attributes manifestAttributes = jarFile.getManifest().getMainAttributes();
MixinApplicator.java,AbstractInsnNode last = initialiser.getLast();,if (initialiser != null ) AbstractInsnNode last = initialiser.getLast();
MixinEnvironment.java,Side side = this.getSide();,if (this != null ) Side side = this.getSide();
MixinEnvironment.java,String codeSource = this.getCodeSource();,if (this != null ) String codeSource = this.getCodeSource();
MixinVerifier.java,ClassInfo c = this.getClassInfo(t).getSuperClass();,if (this != null ) ClassInfo c = this.getClassInfo(t).getSuperClass();
MixinTargetContext.java,Iterator<AbstractInsnNode> iter = method.instructions.iterator();,if (method != null ) Iterator<AbstractInsnNode> iter = method.instructions.iterator();
MixinTargetContext.java,AbstractInsnNode insn = iter.next();,if (iter != null ) AbstractInsnNode insn = iter.next();
MixinTransformer.java,MixinInfo mixin = th.getMixin();,if (th != null ) MixinInfo mixin = th.getMixin();
MixinTransformer.java,Phase phase = mixin.getPhase();,if (mixin != null ) Phase phase = mixin.getPhase();
MixinTransformer.java,MixinConfig config = mixin.getParent();,if (mixin != null ) MixinConfig config = mixin.getParent();
InvokeInjector.java,local += args[arg].getSize();,if (args[arg] != null ) local += args[arg].getSize();
AnnotatedMixin.java,String signature = method.asType().toString();,if (method != null ) String signature = method.asType().toString();
AnnotatedMixin.java,String fieldType = field.asType().toString();,if (field != null ) String fieldType = field.asType().toString();
AnnotatedMixin.java,String signature = reference.toDescriptor();,if (reference != null ) String signature = reference.toDescriptor();
MixinTransformer.java,MixinConfig config = th.getMixin().getParent();,if (th != null ) MixinConfig config = th.getMixin().getParent();
TreeInfo.java,IClassTransformer transformer = iter.next();,if (iter != null ) IClassTransformer transformer = iter.next();
TreeInfo.java,TreeInfo.currentEnvironment = MixinEnvironment.getCurrentEnvironment();,if (MixinEnvironment != null ) TreeInfo.currentEnvironment = MixinEnvironment.getCurrentEnvironment();
TreeInfo.java,String transformerName = transformer.getClass().getName();,if (transformer != null ) String transformerName = transformer.getClass().getName();
TreeInfo.java,String transformerName = transformer.getClass().getName();,if (transformer != null ) String transformerName = transformer.getClass().getName();
TreeInfo.java,IClassNameTransformer nameTransformer = TreeInfo.getNameTransformer();,if (TreeInfo != null ) IClassNameTransformer nameTransformer = TreeInfo.getNameTransformer();
MixinTransformer.java,List<String> configs = environment.getMixinConfigs();,if (environment != null ) List<String> configs = environment.getMixinConfigs();
MixinTransformer.java,AbstractInsnNode insn = iter.next();,if (iter != null ) AbstractInsnNode insn = iter.next();
MixinTransformer.java,Iterator<AbstractInsnNode> findReturnIter = method.instructions.iterator();,if (method != null ) Iterator<AbstractInsnNode> findReturnIter = method.instructions.iterator();
MixinTransformer.java,AbstractInsnNode insn = findReturnIter.next();,if (findReturnIter != null ) AbstractInsnNode insn = findReturnIter.next();
MixinTransformer.java,Iterator<AbstractInsnNode> injectIter = sourceMethod.instructions.iterator();,if (sourceMethod != null ) Iterator<AbstractInsnNode> injectIter = sourceMethod.instructions.iterator();
MixinTransformer.java,AbstractInsnNode insn = injectIter.next();,if (injectIter != null ) AbstractInsnNode insn = injectIter.next();
MixinTransformer.java,AbstractInsnNode insn = iter.next();,if (iter != null ) AbstractInsnNode insn = iter.next();
MixinTransformer.java,AbstractInsnNode insn = iter.next();,if (iter != null ) AbstractInsnNode insn = iter.next();
MixinTransformer.java,int opcode = insn.getOpcode();,if (insn != null ) int opcode = insn.getOpcode();
MixinTransformer.java,AbstractInsnNode last = initialiser.getLast();,if (initialiser != null ) AbstractInsnNode last = initialiser.getLast();
MixinTransformer.java,AbstractInsnNode insn = iter.next();,if (iter != null ) AbstractInsnNode insn = iter.next();
MixinTransformer.java,Object globalMixinTransformer = MixinEnvironment.getCurrentEnvironment().getActiveTransformer();,if (MixinEnvironment != null ) Object globalMixinTransformer = MixinEnvironment.getCurrentEnvironment().getActiveTransformer();
MixinTransformer.java,List<String> configs = MixinEnvironment.getCurrentEnvironment().getMixinConfigs();,if (MixinEnvironment != null ) List<String> configs = MixinEnvironment.getCurrentEnvironment().getMixinConfigs();
MixinInfo.java,String newName = mixinMethod.name.substring(prefix.length());,if (mixinMethod != null ) String newName = mixinMethod.name.substring(prefix.length());
MixinInfo.java,AbstractInsnNode insn = iter.next();,if (iter != null ) AbstractInsnNode insn = iter.next();
MixinInfo.java,methodNode.name = method.getName();,if (method != null ) methodNode.name = method.getName();
MixinTransformer.java,FieldNode field = iter.next();,if (iter != null ) FieldNode field = iter.next();
AnnotatedMixin.java,MethodData obfMethod = this.mixins.getObfMethod(targetMember.asMethodData());,if (this != null ) MethodData obfMethod = this.mixins.getObfMethod(targetMember.asMethodData());
ClassInfo.java,List<ClassInfo> targets = superClassInfo.targets();,if (superClassInfo != null ) List<ClassInfo> targets = superClassInfo.targets();
MixinTargetContext.java,this.inheritsFromMixin = info.getClassInfo().hasMixinInHierarchy();,if (info != null ) this.inheritsFromMixin = info.getClassInfo().hasMixinInHierarchy();
MixinTargetContext.java,String fromClass = this.getClassRef();,if (this != null ) String fromClass = this.getClassRef();
MixinTransformer.java,String fromClass = mixin.getClassRef();,if (mixin != null ) String fromClass = mixin.getClassRef();
MixinTransformer.java,Iterator<AbstractInsnNode> iter = method.instructions.iterator();,if (method != null ) Iterator<AbstractInsnNode> iter = method.instructions.iterator();
MixinTransformer.java,AbstractInsnNode insn = iter.next();,if (iter != null ) AbstractInsnNode insn = iter.next();
MixinTransformer.java,insn.owner = superMethod.getOwner().getName();,if (superMethod != null ) insn.owner = superMethod.getOwner().getName();
MixinData.java,String newName = mixinMethod.name.substring(prefix.length());,if (mixinMethod != null ) String newName = mixinMethod.name.substring(prefix.length());
MixinData.java,AbstractInsnNode insn = iter.next();,if (iter != null ) AbstractInsnNode insn = iter.next();
ClassInfo.java,ClassInfo superClassInfo = this.getSuperClass();,if (this != null ) ClassInfo superClassInfo = this.getSuperClass();
AnnotatedMixin.java,TypeElement primaryTarget = this.initTargets();,if (this != null ) TypeElement primaryTarget = this.initTargets();
TargetValidator.java,TypeMirror targetType = target.asType();,if (target != null ) TypeMirror targetType = target.asType();
MirrorUtils.java,TypeElement elem = (TypeElement)type.asElement();,if ((TypeElement)type != null ) TypeElement elem = (TypeElement)type.asElement();
AnnotatedMixin.java,TypeMirror primaryTarget = this.initTargets();,if (this != null ) TypeMirror primaryTarget = this.initTargets();
AnnotatedMixin.java,TypeMirror target = element.asType();,if (element != null ) TypeMirror target = element.asType();
MixinData.java,List<String> targetClasses = this.info.getTargetClasses();,if (this != null ) List<String> targetClasses = this.info.getTargetClasses();
ClassInfo.java,superClassInfo = superClassInfo.getSuperClass();,if (superClassInfo != null ) superClassInfo = superClassInfo.getSuperClass();
ClassInfo.java,superClassInfo = superClassInfo.getSuperClass();,if (superClassInfo != null ) superClassInfo = superClassInfo.getSuperClass();
AnnotatedMixins.java,writer = this.openSrgFileWriter();,if (this != null ) writer = this.openSrgFileWriter();
AnnotatedMixins.java,Filer filer = this.processingEnv.getFiler();,if (this != null ) Filer filer = this.processingEnv.getFiler();
AnnotatedMixins.java,writer = new PrintWriter(outSrg.openWriter());,if (PrintWriter(outSrg != null ) writer = new PrintWriter(outSrg.openWriter());
MixinInfo.java,String targetClassName = targetClass.getClassName();,if (targetClass != null ) String targetClassName = targetClass.getClassName();
CallbackInjector.java,descriptor += locals[l].getDescriptor();,if (locals[l] != null ) descriptor += locals[l].getDescriptor();
InjectionInfo.java,CallbackInjector injector = this.getInjector();,if (this != null ) CallbackInjector injector = this.getInjector();
AnnotatedMixins.java,Filer filer = this.processingEnv.getFiler();,if (this != null ) Filer filer = this.processingEnv.getFiler();
AnnotatedMixins.java,writer = new PrintWriter(outSrg.openWriter());,if (PrintWriter(outSrg != null ) writer = new PrintWriter(outSrg.openWriter());
BeforeFieldAccess.java,this.opcode = data.getOpcode();,if (data != null ) this.opcode = data.getOpcode();
BeforeInvoke.java,this.target = data.getTarget();,if (data != null ) this.target = data.getTarget();
BeforeInvoke.java,this.ordinal = data.getOrdinal();,if (data != null ) this.ordinal = data.getOrdinal();
BeforeInvoke.java,this.className = this.getClass().getSimpleName();,if (this != null ) this.className = this.getClass().getSimpleName();
BeforeInvoke.java,ListIterator<AbstractInsnNode> iter = insns.iterator();,if (insns != null ) ListIterator<AbstractInsnNode> iter = insns.iterator();
BeforeInvoke.java,AbstractInsnNode insn = iter.next();,if (iter != null ) AbstractInsnNode insn = iter.next();
BeforeNew.java,this.ordinal = data.getOrdinal();,if (data != null ) this.ordinal = data.getOrdinal();
BeforeNew.java,ListIterator<AbstractInsnNode> iter = insns.iterator();,if (insns != null ) ListIterator<AbstractInsnNode> iter = insns.iterator();
BeforeNew.java,AbstractInsnNode insn = iter.next();,if (iter != null ) AbstractInsnNode insn = iter.next();
BeforeReturn.java,this.ordinal = data.getOrdinal();,if (data != null ) this.ordinal = data.getOrdinal();
BeforeReturn.java,ListIterator<AbstractInsnNode> iter = insns.iterator();,if (insns != null ) ListIterator<AbstractInsnNode> iter = insns.iterator();
BeforeReturn.java,AbstractInsnNode insn = iter.next();,if (iter != null ) AbstractInsnNode insn = iter.next();
JumpInsnPoint.java,this.opCode = data.getOpcode();,if (data != null ) this.opCode = data.getOpcode();
JumpInsnPoint.java,this.ordinal = data.getOrdinal();,if (data != null ) this.ordinal = data.getOrdinal();
JumpInsnPoint.java,ListIterator<AbstractInsnNode> iter = insns.iterator();,if (insns != null ) ListIterator<AbstractInsnNode> iter = insns.iterator();
JumpInsnPoint.java,AbstractInsnNode insn = iter.next();,if (iter != null ) AbstractInsnNode insn = iter.next();
ByteCodeUtilities.java,pos += type.getSize();,if (type != null ) pos += type.getSize();
ByteCodeUtilities.java,size += type.getSize();,if (type != null ) size += type.getSize();
ByteCodeUtilities.java,AbstractInsnNode insn = iter.next();,if (iter != null ) AbstractInsnNode insn = iter.next();
ByteCodeUtilities.java,int methodSize = method.instructions.size();,if (method != null ) int methodSize = method.instructions.size();
ByteCodeUtilities.java,String typeName = type.getClassName();,if (type != null ) String typeName = type.getClassName();
