Filename,Buggy/Deleted,Fixed/Added
SwingTextTerminal.java,String styleName = String.valueOf(styleData.hashCode());,if (String != null ) String styleName = String.valueOf(styleData.hashCode());
SwingTextTerminal.java,int maskedLen = unmaskedInput.length();,if (unmaskedInput != null ) int maskedLen = unmaskedInput.length();
JLineTextTerminal.java,CursorBuffer buf = textTerminal.reader.getCursorBuffer();,if (textTerminal != null ) CursorBuffer buf = textTerminal.reader.getCursorBuffer();
JLineTextTerminal.java,String partialInput = buf.buffer.toString();,if (buf != null ) String partialInput = buf.buffer.toString();
SwingTextTerminal.java,startLineOffset = document.getLength();,if (document != null ) startLineOffset = document.getLength();
Cuboid.java,TextTerminal terminal = textIO.getTextTerminal();,if (textIO != null ) TextTerminal terminal = textIO.getTextTerminal();
Cuboid.java,TerminalProperties props = terminal.getProperties();,if (terminal != null ) TerminalProperties props = terminal.getProperties();
ECommerce.java,TextTerminal terminal = textIO.getTextTerminal();,if (textIO != null ) TextTerminal terminal = textIO.getTextTerminal();
ECommerce.java,TerminalProperties props = terminal.getProperties();,if (terminal != null ) TerminalProperties props = terminal.getProperties();
UserDataCollector.java,TextTerminal terminal = textIO.getTextTerminal();,if (textIO != null ) TextTerminal terminal = textIO.getTextTerminal();
WebTextTerminal.java,TerminalProperties props = copy.getProperties();,if (copy != null ) TerminalProperties props = copy.getProperties();
InputReader.java,TextTerminal textTerminal = textTerminalSupplier.get();,if (textTerminalSupplier != null ) TextTerminal textTerminal = textTerminalSupplier.get();
InputReader.java,TextTerminal textTerminal = textTerminalSupplier.get();,if (textTerminalSupplier != null ) TextTerminal textTerminal = textTerminalSupplier.get();
TextIoFactory.java,TextTerminal t = it.next().getTextTerminal();,if (it != null ) TextTerminal t = it.next().getTextTerminal();
TextIoFactory.java,TextTerminal terminal = new JLineTextTerminalProvider().getTextTerminal();,if (JLineTextTerminalProvider() != null ) TextTerminal terminal = new JLineTextTerminalProvider().getTextTerminal();
Shopping.java,TextIO textIO = TextIoFactory.getTextIO();,if (TextIoFactory != null ) TextIO textIO = TextIoFactory.getTextIO();
Shopping.java,TextTerminal terminal = textIO.getTextTerminal();,if (textIO != null ) TextTerminal terminal = textIO.getTextTerminal();
Shopping.java,TerminalProperties props = terminal.getProperties();,if (terminal != null ) TerminalProperties props = terminal.getProperties();
AbstractDataServer.java,TextTerminalData data = dataApi.getTextTerminalData();,if (dataApi != null ) TextTerminalData data = dataApi.getTextTerminalData();
RatpackTextIoApp.java,terminal = termTemplate.createCopy();,if (termTemplate != null ) terminal = termTemplate.createCopy();
SparkTextIoApp.java,terminal = termTemplate.createCopy();,if (termTemplate != null ) terminal = termTemplate.createCopy();
RatpackDataServer.java,Request request = ctx.getRequest();,if (ctx != null ) Request request = ctx.getRequest();
RatpackDataServer.java,Path path = Paths.get(res.toURI());,if (Paths != null ) Path path = Paths.get(res.toURI());
WebTextIoExecutor.java,SparkDataServer server = app.getServer();,if (app != null ) SparkDataServer server = app.getServer();
SparkDataServer.java,TextTerminalData data = dataApi.getTextTerminalData();,if (dataApi != null ) TextTerminalData data = dataApi.getTextTerminalData();
SparkTextIoApp.java,terminal = termTemplate.createCopy();,if (termTemplate != null ) terminal = termTemplate.createCopy();
SwingTextTerminal.java,Field field = Color.class.getField(colorName.toLowerCase());,if (Color != null ) Field field = Color.class.getField(colorName.toLowerCase());
TextTerminalData.java,int size = settings.size();,if (settings != null ) int size = settings.size();
TextTerminal.java,val = val.trim();,if (val != null ) val = val.trim();
TextTerminal.java,newVal = Integer.parseInt(change.getValueAdded());,if (Integer != null ) newVal = Integer.parseInt(change.getValueAdded());
TextTerminal.java,newVal = Long.parseLong(change.getValueAdded());,if (Long != null ) newVal = Long.parseLong(change.getValueAdded());
TextTerminal.java,newVal = Double.parseDouble(change.getValueAdded());,if (Double != null ) newVal = Double.parseDouble(change.getValueAdded());
TextTerminal.java,boolean newVal = Boolean.parseBoolean(change.getValueAdded());,if (Boolean != null ) boolean newVal = Boolean.parseBoolean(change.getValueAdded());
SwingTextTerminal.java,int caretPosition = textArea.getCaretPosition();,if (textArea != null ) int caretPosition = textArea.getCaretPosition();
SwingTextTerminal.java,input = unmaskedContent.substring(extendedPrompt.length());,if (unmaskedContent != null ) input = unmaskedContent.substring(extendedPrompt.length());
SwingTextTerminal.java,int maskedLen = unmaskedContent.length() - extendedPrompt.length();,if (extendedPrompt != null ) int maskedLen = unmaskedContent.length() - extendedPrompt.length();
SwingTextTerminal.java,extendedPrompt = textArea.getText();,if (textArea != null ) extendedPrompt = textArea.getText();
JLineTextTerminal.java,prefix = prefix + e.getPartialLine();,if (e != null ) prefix = prefix + e.getPartialLine();
TextIoDemo.java,TextIO textIO = TextIoFactory.getTextIO();,if (TextIoFactory != null ) TextIO textIO = TextIoFactory.getTextIO();
TextIoDemo.java,TextTerminal terminal = textIO.getTextTerminal();,if (textIO != null ) TextTerminal terminal = textIO.getTextTerminal();
WebTextIoDemo.java,SparkDataServer server = app.getServer();,if (app != null ) SparkDataServer server = app.getServer();
TextIoDemo.java,TextTerminal terminal = textIO.getTextTerminal();,if (textIO != null ) TextTerminal terminal = textIO.getTextTerminal();
TextIoFactory.java,TextTerminal terminal = new ConsoleTextTerminalProvider().getTextTerminal();,if (ConsoleTextTerminalProvider() != null ) TextTerminal terminal = new ConsoleTextTerminalProvider().getTextTerminal();
InputReader.java,List<String> errMessages = result.getErrorMessages();,if (result != null ) List<String> errMessages = result.getErrorMessages();
FactoryDemo.java,TextIO textIO = TextIoFactory.get();,if (TextIoFactory != null ) TextIO textIO = TextIoFactory.get();
